protocol,seed,rotation,system,n,verifier,features,heads,routing,platt,isotonic
A,17,0,OURS,902,72.09002805747656,33.262395552338745,0.4522827128638893,0.00016001884517323912,0.00016381597547005127,3.890133490724006e-05
A,17,0,OURS_legacy_hp,902,82.68520956619064,33.262395552338745,0.4371512594160174,0.00016200553652667287,0.0001603026559190234,3.3154102773333336e-05
A,17,0,fixed::factcc,902,45.181180841182076,0.0,0.0,0.0,7.55831478173925e-05,3.5654112129800536e-05
A,17,0,fixed::factkb,902,45.18288766968239,0.0,0.0,0.0,7.707317036570373e-05,3.0048785368785956e-05
A,17,0,fixed::hhem,902,173.74687474276487,0.0,0.0,0.0,7.574389646854046e-05,3.249778235723531e-05
A,17,0,fixed::wecheck,902,526.9077790862926,0.0,0.0,0.0,7.565521367695472e-05,3.964633811492382e-05
A,17,0,fixed::factcg,902,462.7214841826761,0.0,0.0,0.0,7.666518435216697e-05,3.927273140443766e-05
A,17,0,fixed::minicheck_dbta,902,528.5751838130569,0.0,0.0,0.0,7.439577929312136e-05,3.641686157556767e-05
A,17,0,fixed::minicheck_ft5,902,466.1049608377951,0.0,0.0,0.0,7.315299410719895e-05,3.5671842234940195e-05
A,17,0,fixed::alignscore,902,716.4822712658978,0.0,0.0,0.0,7.439577929312136e-05,4.108315421487236e-05
A,17,0,fixed::lettuce_v2,902,73.68480239958299,0.0,0.0,0.0,7.357982339899152e-05,2.5206208053538514e-05
A,17,0,fixed::granite_guardian_3_1_2b,902,172.6056557703862,0.0,0.0,0.0,7.372061559876754e-05,3.76230572451509e-05
A,17,0,fixed::granite_guardian_3_2_3b_a800m,902,242.84219139472023,0.0,0.0,0.0,7.48214954117978e-05,3.65055443671534e-05
A,17,0,fixed::granite_guardian_3_2_8b_factuality,902,994.9997099620244,0.0,0.0,0.0,7.375720511510671e-05,3.278049606284717e-05
A,17,0,fixed::granite_guardian_4_1_3b_factuality_lora,902,443.35388964364853,0.0,0.0,0.0,7.28702965345308e-05,3.3436800346001485e-05
A,17,0,fixed::qwen30_fast,902,266.5154403816401,0.0,0.0,0.0,7.588580184143259e-05,3.177050925469121e-05
A,17,0,fixed::qwen30_judge,902,626.112093219252,0.0,0.0,0.0,7.405876209897437e-05,2.637805668595856e-05
A,17,1,OURS,906,62.89411722708758,22.531412769348396,0.39491366227409264,0.00015715784154252599,0.0001601423815336843,3.164680173546569e-05
A,17,1,OURS_legacy_hp,906,62.47594165090198,22.531412769348396,0.45502046357648074,0.00015652207061483896,0.00016551213462325122,3.284878029629884e-05
A,17,1,fixed::factcc,906,36.125202898803956,0.0,0.0,0.0,7.562142067997989e-05,2.952760278718098e-05
A,17,1,fixed::factkb,906,36.78485541116183,0.0,0.0,0.0,7.519756804094969e-05,3.143597564353684e-05
A,17,1,fixed::hhem,906,136.87083773940333,0.0,0.0,0.0,7.595696600121148e-05,3.097572715471912e-05
A,17,1,fixed::wecheck,906,296.7284750214238,0.0,0.0,0.0,7.525055564397218e-05,3.888851576988435e-05
A,17,1,fixed::factcg,906,311.71502028931155,0.0,0.0,0.0,7.355519327300109e-05,3.7103753884386673e-05
A,17,1,fixed::minicheck_dbta,906,378.67916666391966,0.0,0.0,0.0,7.595696600121148e-05,3.7562910176476434e-05
A,17,1,fixed::minicheck_ft5,906,363.01996691285314,0.0,0.0,0.0,7.600882928407284e-05,3.796909492726029e-05
A,17,1,fixed::alignscore,906,549.7141835279056,0.0,0.0,0.0,7.528476710030378e-05,3.968212518647774e-05
A,17,1,fixed::lettuce_v2,906,60.939889570873405,0.0,0.0,0.0,7.814680437904847e-05,2.495364350766338e-05
A,17,1,fixed::granite_guardian_3_1_2b,906,162.02962586531444,0.0,0.0,0.0,7.43675627745688e-05,3.929470052066821e-05
A,17,1,fixed::granite_guardian_3_2_3b_a800m,906,232.6761822062149,0.0,0.0,0.0,7.408498899464313e-05,3.164790999391024e-05
A,17,1,fixed::granite_guardian_3_2_8b_factuality,906,963.0178192019872,0.0,0.0,0.0,7.659272086718192e-05,2.7603746436034672e-05
A,17,1,fixed::granite_guardian_4_1_3b_factuality_lora,906,430.24940122158944,0.0,0.0,0.0,7.530352718527809e-05,3.2283664859880674e-05
A,17,1,fixed::qwen30_fast,906,251.56262350955075,0.0,0.0,0.0,7.740509036874961e-05,3.1559602676111606e-05
A,17,1,fixed::qwen30_judge,906,639.1359422428233,0.0,0.0,0.0,7.514459649964377e-05,2.7056298887862868e-05
A,17,2,OURS,881,88.41483670568425,36.16705062672896,0.45964954596075736,0.00016207265784957622,0.00016388763350124865,3.2817244674549536e-05
A,17,2,OURS_legacy_hp,881,86.75083449213062,36.16705062672896,0.5216894926152865,0.0005083734544351375,0.0001749852444938512,0.00011539726587335889
A,17,2,fixed::factcc,881,52.180531618521506,0.0,0.0,0.0,8.177979800122855e-05,3.0474468910269585e-05
A,17,2,fixed::factkb,881,48.075272568516596,0.0,0.0,0.0,7.865719814868338e-05,3.145516228467801e-05
A,17,2,fixed::hhem,881,177.54831601725257,0.0,0.0,0.0,7.711236616734005e-05,2.9185013956560516e-05
A,17,2,fixed::wecheck,881,406.0964772241744,0.0,0.0,0.0,7.733145425313921e-05,3.6832020632821165e-05
A,17,2,fixed::factcg,881,429.4219011047162,0.0,0.0,0.0,7.925651902512613e-05,3.410782281808327e-05
A,17,2,fixed::minicheck_dbta,881,502.27160334633874,0.0,0.0,0.0,7.593189366161823e-05,3.223609304527047e-05
A,17,2,fixed::minicheck_ft5,881,471.0986385874214,0.0,0.0,0.0,7.693189599051243e-05,3.526900288681674e-05
A,17,2,fixed::alignscore,881,749.9369377083099,0.0,0.0,0.0,7.763905960762033e-05,3.683086440800166e-05
A,17,2,fixed::lettuce_v2,881,76.9307727491862,0.0,0.0,0.0,7.722247180515197e-05,2.6007939397519144e-05
A,17,2,fixed::granite_guardian_3_1_2b,881,178.63121697939874,0.0,0.0,0.0,7.509761138435424e-05,3.615891609539645e-05
A,17,2,fixed::granite_guardian_3_2_3b_a800m,881,246.0041004810514,0.0,0.0,0.0,7.713167512182581e-05,3.3417721775811796e-05
A,17,2,fixed::granite_guardian_3_2_8b_factuality,881,1018.7241669599427,0.0,0.0,0.0,8.005561903288226e-05,2.8677645988263417e-05
A,17,2,fixed::granite_guardian_4_1_3b_factuality_lora,881,448.6751103966043,0.0,0.0,0.0,7.922019704829618e-05,3.174687780663963e-05
A,17,2,fixed::qwen30_fast,881,274.92546800962833,0.0,0.0,0.0,7.693189599051243e-05,3.230873699893035e-05
A,17,2,fixed::qwen30_judge,881,657.8416343690895,0.0,0.0,0.0,7.85845541950235e-05,2.740522057439595e-05
A,17,3,OURS,876,67.77580164030186,33.71937958576855,0.45098578538766904,0.00016509702659879712,0.00016876940839269015,3.9087889527850975e-05
A,17,3,OURS_legacy_hp,876,71.03926446213075,33.71937958576855,0.4890121278827734,0.00016822145237017542,0.0001698276283193941,3.5762560945089275e-05
A,17,3,fixed::factcc,876,41.23606804231916,0.0,0.0,0.0,7.815639311383951e-05,3.366323122031748e-05
A,17,3,fixed::factkb,876,41.504724367677724,0.0,0.0,0.0,7.890410573523678e-05,2.9680358732893177e-05
A,17,3,fixed::hhem,876,127.1144517839059,0.0,0.0,0.0,7.914270066494572e-05,3.083218601383439e-05
A,17,3,fixed::wecheck,876,307.055772325108,0.0,0.0,0.0,7.671233148050397e-05,3.647489048493814e-05
A,17,3,fixed::factcg,876,373.65369065185627,0.0,0.0,0.0,7.835731253699828e-05,3.56175733696176e-05
A,17,3,fixed::minicheck_dbta,876,440.40946420083446,0.0,0.0,0.0,7.748059286803994e-05,3.373516020769058e-05
A,17,3,fixed::minicheck_ft5,876,416.1172433713832,0.0,0.0,0.0,7.965296456913493e-05,3.484931198208163e-05
A,17,3,fixed::alignscore,876,635.2451650803742,0.0,0.0,0.0,7.899543727624771e-05,4.129680713477064e-05
A,17,3,fixed::lettuce_v2,876,68.8432214170528,0.0,0.0,0.0,8.02203231452875e-05,2.5698632457969734e-05
A,17,3,fixed::granite_guardian_3_1_2b,876,178.59132373518125,0.0,0.0,0.0,7.693150724479971e-05,4.10411020764256e-05
A,17,3,fixed::granite_guardian_3_2_3b_a800m,876,247.5295324878489,0.0,0.0,0.0,7.790068805549447e-05,3.541667055823419e-05
A,17,3,fixed::granite_guardian_3_2_8b_factuality,876,1008.0393078246515,0.0,0.0,0.0,7.928767162864203e-05,3.0538822060714576e-05
A,17,3,fixed::granite_guardian_4_1_3b_factuality_lora,876,448.1498121801771,0.0,0.0,0.0,7.576255322344703e-05,3.4867584934993966e-05
A,17,3,fixed::qwen30_fast,876,273.70163912943497,0.0,0.0,0.0,8.056734313286807e-05,3.1799091011302795e-05
A,17,3,fixed::qwen30_judge,876,652.3996402646591,0.0,0.0,0.0,7.726028750301871e-05,2.7452055184111066e-05
A,17,4,OURS,849,100.08491821369338,47.10544620143034,0.4448207444134272,0.00017272321221027063,0.0001728727935579714,3.444993672662089e-05
A,17,4,OURS_legacy_hp,849,104.14375151708849,47.10544620143034,0.47886895877432556,0.0001721001194254687,0.00017479505185345002,3.365842566262707e-05
A,17,4,fixed::factcc,849,52.027762929900156,0.0,0.0,0.0,8.378915658200903e-05,3.160542295093882e-05
A,17,4,fixed::factkb,849,52.69778752476674,0.0,0.0,0.0,8.020849415244813e-05,3.198115031692354e-05
A,17,4,fixed::hhem,849,169.69749722829982,0.0,0.0,0.0,8.113193229714012e-05,3.2208478999696014e-05
A,17,4,fixed::wecheck,849,383.6032149041671,0.0,0.0,0.0,8.704947119576525e-05,3.9351001207456786e-05
A,17,4,fixed::factcg,849,502.97955036670265,0.0,0.0,0.0,8.084805853976412e-05,3.989634665718699e-05
A,17,4,fixed::minicheck_dbta,849,589.3115684171978,0.0,0.0,0.0,7.953003895753123e-05,3.499646484083962e-05
A,17,4,fixed::minicheck_ft5,849,604.4328271089332,0.0,0.0,0.0,8.041578609917589e-05,3.980211057953616e-05
A,17,4,fixed::alignscore,849,783.9700972636145,0.0,0.0,0.0,8.350648262918663e-05,4.13851669876539e-05
A,17,4,fixed::lettuce_v2,849,92.58108987702354,0.0,0.0,0.0,7.919080279004026e-05,2.6573614053893285e-05
A,17,4,fixed::granite_guardian_3_1_2b,849,202.95875574698238,0.0,0.0,0.0,8.045231157779974e-05,3.946289155211023e-05
A,17,4,fixed::granite_guardian_3_2_3b_a800m,849,265.0112392125378,0.0,0.0,0.0,8.037809509612857e-05,3.7956416954640716e-05
A,17,4,fixed::granite_guardian_3_2_8b_factuality,849,1071.333770264347,0.0,0.0,0.0,8.297880858652408e-05,2.9945819012302953e-05
A,17,4,fixed::granite_guardian_4_1_3b_factuality_lora,849,480.7358730228692,0.0,0.0,0.0,7.873852789353741e-05,3.793758002314958e-05
A,17,4,fixed::qwen30_fast,849,309.4128479554663,0.0,0.0,0.0,8.211189837637056e-05,3.0550057725548676e-05
A,17,4,fixed::qwen30_judge,849,680.5352408928646,0.0,0.0,0.0,7.858774674128306e-05,2.7722032692445742e-05
A,17,5,OURS,839,98.26132723751076,46.814798958993215,0.3961006722364995,0.00017388439065686853,0.0001799117974133294,3.356495508602215e-05
A,17,5,OURS_legacy_hp,839,102.83735361017112,46.814798958993215,0.49865618235383324,0.000492038151290361,0.00017628843989889265,8.80488693487694e-05
A,17,5,fixed::factcc,839,57.15215903739733,0.0,0.0,0.0,8.532179880851749e-05,3.5051262384686834e-05
A,17,5,fixed::factkb,839,55.67855800090455,0.0,0.0,0.0,8.310964752845599e-05,2.8988091564816074e-05
A,17,5,fixed::hhem,839,170.58309431361806,0.0,0.0,0.0,8.135398237103502e-05,3.224792870825003e-05
A,17,5,fixed::wecheck,839,399.08721019772406,0.0,0.0,0.0,8.063051456649909e-05,3.945768291310488e-05
A,17,5,fixed::factcg,839,593.2794353548735,0.0,0.0,0.0,7.899046689049919e-05,3.774015799595467e-05
A,17,5,fixed::minicheck_dbta,839,567.6257293009162,0.0,0.0,0.0,8.269010488547748e-05,3.533730551453931e-05
A,17,5,fixed::minicheck_ft5,839,545.7565153731673,0.0,0.0,0.0,8.16781830855149e-05,4.2488678614914205e-05
A,17,5,fixed::alignscore,839,823.5610387219281,0.0,0.0,0.0,8.091655769635157e-05,3.997140541268652e-05
A,17,5,fixed::lettuce_v2,839,90.85275218177546,0.0,0.0,0.0,8.21180012814159e-05,2.5554238491124418e-05
A,17,5,fixed::granite_guardian_3_1_2b,839,196.71899549757003,0.0,0.0,0.0,7.91227522986598e-05,3.922766205522812e-05
A,17,5,fixed::granite_guardian_3_2_3b_a800m,839,258.23576337913454,0.0,0.0,0.0,8.064839659820403e-05,3.953276663303766e-05
A,17,5,fixed::granite_guardian_3_2_8b_factuality,839,1062.3787104030941,0.0,0.0,0.0,8.036353288460367e-05,2.9139455765290397e-05
A,17,5,fixed::granite_guardian_4_1_3b_factuality_lora,839,472.2178270916482,0.0,0.0,0.0,7.92753132597429e-05,3.533730551453931e-05
A,17,5,fixed::qwen30_fast,839,303.84266426915406,0.0,0.0,0.0,8.642790046508321e-05,3.224909078014551e-05
A,17,5,fixed::qwen30_judge,839,684.2727457541979,0.0,0.0,0.0,8.400595184699748e-05,2.8319431927290447e-05
A,17,6,OURS,821,75.4398537171768,33.86023690467179,0.4822049853868383,0.0001742082974679505,0.00018239342187838708,3.3500600361177894e-05
A,17,6,OURS_legacy_hp,821,76.44443450662638,33.86023690467179,0.5235905651731675,0.0001796650352584931,0.00018198538333944405,3.511937242681921e-05
A,17,6,fixed::factcc,821,41.02702513331464,0.0,0.0,0.0,8.878928178696736e-05,3.7261871643700205e-05
A,17,6,fixed::factkb,821,40.493752978173234,0.0,0.0,0.0,8.960778713816194e-05,3.6912306635010984e-05
A,17,6,fixed::hhem,821,115.65561660134514,0.0,0.0,0.0,8.943362499561147e-05,3.622898698107188e-05
A,17,6,fixed::wecheck,821,299.4647003588254,0.0,0.0,0.0,8.711327691466052e-05,4.172471894153216e-05
A,17,6,fixed::factcg,821,464.4915036225848,0.0,0.0,0.0,8.7348358585396e-05,4.3829482436706466e-05
A,17,6,fixed::minicheck_dbta,821,398.7291009638523,0.0,0.0,0.0,8.719245280421608e-05,3.509865234289477e-05
A,17,6,fixed::minicheck_ft5,821,398.6362830781331,0.0,0.0,0.0,8.493180125248454e-05,3.8236300500697396e-05
A,17,6,fixed::alignscore,821,617.8949068913486,0.0,0.0,0.0,8.769792359408521e-05,4.1218025152697414e-05
A,17,6,fixed::lettuce_v2,821,67.71044057291103,0.0,0.0,0.0,8.847869322357311e-05,2.9135203038894737e-05
A,17,6,fixed::granite_guardian_3_1_2b,821,168.68159113180724,0.0,0.0,0.0,8.333373154614497e-05,3.864556203860604e-05
A,17,6,fixed::granite_guardian_3_2_3b_a800m,821,238.51009556781455,0.0,0.0,0.0,8.748356200727418e-05,3.9834352482414274e-05
A,17,6,fixed::granite_guardian_3_2_8b_factuality,821,993.97740152213,0.0,0.0,0.0,8.927771921443155e-05,3.094761660742266e-05
A,17,6,fixed::granite_guardian_4_1_3b_factuality_lora,821,439.68346938172533,0.0,0.0,0.0,8.444458682398594e-05,3.689160427570924e-05
A,17,6,fixed::qwen30_fast,821,259.3096740691382,0.0,0.0,0.0,8.341168443673494e-05,3.373569975653606e-05
A,17,6,fixed::qwen30_judge,821,610.3665917161691,0.0,0.0,0.0,8.699755285311849e-05,2.85310592745112e-05
A,17,7,OURS,816,74.91524552731825,28.297288938102056,0.48492327939539775,0.00017619731806917116,0.00018119852243484382,3.2883583437925315e-05
A,17,7,OURS_legacy_hp,816,68.63785354674773,28.297288938102056,0.49269437623283296,0.00017896202146349584,0.00018066789469266237,3.445098164043955e-05
A,17,7,fixed::factcc,816,40.22830255259988,0.0,0.0,0.0,8.315686607281404e-05,3.3745088919257634e-05
A,17,7,fixed::factkb,816,39.98438069349647,0.0,0.0,0.0,8.172671240412027e-05,2.980515787117731e-05
A,17,7,fixed::hhem,816,175.6098924311564,0.0,0.0,0.0,8.439336870294795e-05,3.6099271371723244e-05
A,17,7,fixed::wecheck,816,356.9858014371301,0.0,0.0,0.0,8.46678934370478e-05,4.1118861796955265e-05
A,17,7,fixed::factcg,816,396.7283629435591,0.0,0.0,0.0,8.370711036738666e-05,3.894238747592431e-05
A,17,7,fixed::minicheck_dbta,816,375.07268941697157,0.0,0.0,0.0,8.306004947014884e-05,3.7019608676999664e-05
A,17,7,fixed::minicheck_ft5,816,383.11780003259986,0.0,0.0,0.0,8.947180878535351e-05,3.8511037322071694e-05
A,17,7,fixed::alignscore,816,612.5281937963925,0.0,0.0,0.0,8.33737894758016e-05,3.864828185589217e-05
A,17,7,fixed::lettuce_v2,816,64.8303757237348,0.0,0.0,0.0,8.100122096377662e-05,2.7627453057314543e-05
A,17,7,fixed::granite_guardian_3_1_2b,816,160.01508986304472,0.0,0.0,0.0,8.682352071285576e-05,3.8686266634613276e-05
A,17,7,fixed::granite_guardian_3_2_3b_a800m,816,229.3425735501931,0.0,0.0,0.0,8.582475286447352e-05,3.3764705471648815e-05
A,17,7,fixed::granite_guardian_3_2_8b_factuality,816,964.8364167104078,0.0,0.0,0.0,8.778555210857816e-05,3.1235293706641624e-05
A,17,7,fixed::granite_guardian_4_1_3b_factuality_lora,816,425.91083165543927,0.0,0.0,0.0,8.286395527915481e-05,3.584436319001457e-05
A,17,7,fixed::qwen30_fast,816,248.32826786533747,0.0,0.0,0.0,8.225612748669936e-05,3.32745234938521e-05
A,17,7,fixed::qwen30_judge,816,604.8882668110666,0.0,0.0,0.0,8.072671406290622e-05,2.9176465200269412e-05
A,17,8,OURS,818,70.64016340049963,26.40798128127322,0.48035099024515515,0.00017789976095238788,0.0001762946206600403,3.44058688021832e-05
A,17,8,OURS_legacy_hp,818,70.25998908777899,26.40798128127322,0.4972255098007843,0.00018034473176553736,0.00017916994035007173,3.4073345086475824e-05
A,17,8,fixed::factcc,818,44.219921484918615,0.0,0.0,0.0,8.547798563068172e-05,3.425060093407417e-05
A,17,8,fixed::factkb,818,45.18819965852947,0.0,0.0,0.0,8.498900214182828e-05,3.5227393796371434e-05
A,17,8,fixed::hhem,818,143.4183517535141,0.0,0.0,0.0,8.629951062486996e-05,3.4210271848716335e-05
A,17,8,fixed::wecheck,818,341.36512399744896,0.0,0.0,0.0,8.42640570348953e-05,4.2249386689527764e-05
A,17,8,fixed::factcg,818,426.2096908544848,0.0,0.0,0.0,8.287530977046687e-05,4.066504247163247e-05
A,17,8,fixed::minicheck_dbta,818,517.6270143348455,0.0,0.0,0.0,8.399144878433356e-05,3.5755496675918254e-05
A,17,8,fixed::minicheck_ft5,818,493.93247720796967,0.0,0.0,0.0,8.201589286987713e-05,3.8924202901336265e-05
A,17,8,fixed::alignscore,818,691.8500870587771,0.0,0.0,0.0,8.451956945350781e-05,4.152689655117855e-05
A,17,8,fixed::lettuce_v2,818,80.77552787274176,0.0,0.0,0.0,8.332641914254624e-05,2.7990217569960432e-05
A,17,8,fixed::granite_guardian_3_1_2b,818,185.40954209754128,0.0,0.0,0.0,8.463568235166862e-05,4.2836177549928354e-05
A,17,8,fixed::granite_guardian_3_2_3b_a800m,818,246.15221730458168,0.0,0.0,0.0,8.301344622737184e-05,4.0782400643712586e-05
A,17,8,fixed::granite_guardian_3_2_8b_factuality,818,1041.5078879947134,0.0,0.0,0.0,8.35024475058527e-05,3.111980440468507e-05
A,17,8,fixed::granite_guardian_4_1_3b_factuality_lora,818,461.92984468822226,0.0,0.0,0.0,8.148654471641101e-05,3.65770216701065e-05
A,17,8,fixed::qwen30_fast,818,286.4885390110679,0.0,0.0,0.0,8.371761304947997e-05,3.26271373254855e-05
A,17,8,fixed::qwen30_judge,818,648.039283789922,0.0,0.0,0.0,8.295477603614549e-05,2.8166263722894316e-05
A,17,9,OURS,804,76.27427305739381,23.88191535909352,0.49626744650631555,0.0001755236268370176,0.00018125498190693632,3.4548509176774185e-05
A,17,9,OURS_legacy_hp,804,75.81181446281036,23.88191535909352,0.5166821616847446,0.00018101617846225587,0.0001870062282142132,3.566292525194956e-05
A,17,9,fixed::factcc,804,39.12192648209357,0.0,0.0,0.0,8.626990726875577e-05,3.096517244937704e-05
A,17,9,fixed::factkb,804,39.006169693398554,0.0,0.0,0.0,9.050871366032617e-05,3.6000008422612625e-05
A,17,9,fixed::hhem,804,102.59589147463699,0.0,0.0,0.0,8.901616498197786e-05,3.3951482465676033e-05
A,17,9,fixed::wecheck,804,262.0960688100104,0.0,0.0,0.0,8.774254661034885e-05,4.025995490993767e-05
A,17,9,fixed::factcg,804,342.8929291092672,0.0,0.0,0.0,8.867786915171243e-05,3.9223873025195586e-05
A,17,9,fixed::minicheck_dbta,804,432.1372098182209,0.0,0.0,0.0,8.778234718446226e-05,3.6776128667522574e-05
A,17,9,fixed::minicheck_ft5,804,367.0541088778276,0.0,0.0,0.0,8.537436720210855e-05,3.972140735070874e-05
A,17,9,fixed::alignscore,804,589.604135310335,0.0,0.0,0.0,8.66480036731346e-05,4.0457708922108234e-05
A,17,9,fixed::lettuce_v2,804,59.665033117651106,0.0,0.0,0.0,8.477735859040745e-05,2.8837063443610695e-05
A,17,9,fixed::granite_guardian_3_1_2b,804,168.08422674910446,0.0,0.0,0.0,8.330471924881437e-05,4.163183490815225e-05
A,17,9,fixed::granite_guardian_3_2_3b_a800m,804,232.40579665789528,0.0,0.0,0.0,8.326491867470096e-05,4.1651744244907474e-05
A,17,9,fixed::granite_guardian_3_2_8b_factuality,804,997.0655574452303,0.0,0.0,0.0,8.90161830813749e-05,3.2079588524552424e-05
A,17,9,fixed::granite_guardian_4_1_3b_factuality_lora,804,437.774749405118,0.0,0.0,0.0,8.370274308934549e-05,3.8427861542927464e-05
A,17,9,fixed::qwen30_fast,804,259.8767386527054,0.0,0.0,0.0,8.511444176107053e-05,3.5223870078305626e-05
A,17,9,fixed::qwen30_judge,804,621.2139935714505,0.0,0.0,0.0,8.378234423757229e-05,2.961193483012418e-05
A,29,0,OURS,914,69.49313335826048,36.190598929520995,0.39065090044443873,0.0001597571186976063,0.00016381839265806409,4.407878610034447e-05
A,29,0,OURS_legacy_hp,914,75.2360128735944,36.190598929520995,0.4290167702377481,0.0001630995694407276,0.00016665316624485396,3.3540476961326284e-05
A,29,0,fixed::factcc,914,46.073475799846044,0.0,0.0,0.0,7.726915735502766e-05,3.201860773501433e-05
A,29,0,fixed::factkb,914,47.47680466748464,0.0,0.0,0.0,7.665644848670329e-05,3.019692766005316e-05
A,29,0,fixed::hhem,914,160.13118687556565,0.0,0.0,0.0,7.797046732646567e-05,3.065208099982182e-05
A,29,0,fixed::wecheck,914,375.58602981242103,0.0,0.0,0.0,7.632493866297785e-05,3.697154472869387e-05
A,29,0,fixed::factcg,914,571.294132502025,0.0,0.0,0.0,7.748031933716532e-05,3.5098471237587006e-05
A,29,0,fixed::minicheck_dbta,914,521.9651414515146,0.0,0.0,0.0,7.543217707160428e-05,3.529102141567439e-05
A,29,0,fixed::minicheck_ft5,914,512.2314219211655,0.0,0.0,0.0,7.735777437927393e-05,3.705907911592096e-05
A,29,0,fixed::alignscore,914,746.6266163029627,0.0,0.0,0.0,8.329212183083858e-05,4.0141123813664624e-05
A,29,0,fixed::lettuce_v2,914,84.40695003942251,0.0,0.0,0.0,7.662255239532344e-05,2.629322514928372e-05
A,29,0,fixed::granite_guardian_3_1_2b,914,181.78721994550847,0.0,0.0,0.0,7.501203430249993e-05,3.807440158631856e-05
A,29,0,fixed::granite_guardian_3_2_3b_a800m,914,248.5923512241229,0.0,0.0,0.0,7.523961097238426e-05,3.50295486544102e-05
A,29,0,fixed::granite_guardian_3_2_8b_factuality,914,1021.296406574639,0.0,0.0,0.0,7.725164410912919e-05,2.7256023803118542e-05
A,29,0,fixed::granite_guardian_4_1_3b_factuality_lora,914,457.4575025125096,0.0,0.0,0.0,7.59212265027528e-05,3.4643333818950984e-05
A,29,0,fixed::qwen30_fast,914,278.4053830249239,0.0,0.0,0.0,7.64999915162994e-05,3.098577201871825e-05
A,29,0,fixed::qwen30_judge,914,658.3487423456781,0.0,0.0,0.0,8.0123625382887e-05,2.6328219798815395e-05
A,29,1,OURS,892,85.46625417772698,32.16935594698569,0.4302058744301963,0.0001647735384946497,0.00016339237902484701,3.1228703728588843e-05
A,29,1,OURS_legacy_hp,892,85.26122318991202,32.16935594698569,0.48616430941434585,0.00016209977089569406,0.00016692601472678107,3.130156118756853e-05
A,29,1,fixed::factcc,892,46.92956204610306,0.0,0.0,0.0,8.12567200411462e-05,2.7336311112095356e-05
A,29,1,fixed::factkb,892,47.16494328018973,0.0,0.0,0.0,7.933632401757845e-05,3.2143500417412464e-05
A,29,1,fixed::hhem,892,147.98535993661406,0.0,0.0,0.0,7.58934909615649e-05,2.712108306544979e-05
A,29,1,fixed::wecheck,892,532.9271450800538,0.0,0.0,0.0,7.754373035264189e-05,4.148878279296606e-05
A,29,1,fixed::factcg,892,484.3576665487229,0.0,0.0,0.0,7.630605080933414e-05,3.711322417499439e-05
A,29,1,fixed::minicheck_dbta,892,525.8587790982845,0.0,0.0,0.0,7.673653953023789e-05,3.6449562220504266e-05
A,29,1,fixed::minicheck_ft5,892,453.32103064694184,0.0,0.0,0.0,7.887108688923476e-05,3.852914836604332e-05
A,29,1,fixed::alignscore,892,708.9611252530602,0.0,0.0,0.0,8.407285822776768e-05,4.125671889820875e-05
A,29,1,fixed::lettuce_v2,892,77.96545821507493,0.0,0.0,0.0,7.861996846870757e-05,2.7318398552767163e-05
A,29,1,fixed::granite_guardian_3_1_2b,892,175.78003110890427,0.0,0.0,0.0,7.888901576236926e-05,3.971411800116401e-05
A,29,1,fixed::granite_guardian_3_2_3b_a800m,892,245.29911227659488,0.0,0.0,0.0,7.53195060003599e-05,3.571413583205721e-05
A,29,1,fixed::granite_guardian_3_2_8b_factuality,892,994.4429737256032,0.0,0.0,0.0,7.743610817241595e-05,2.8251124114725287e-05
A,29,1,fixed::granite_guardian_4_1_3b_factuality_lora,892,447.8306568713142,0.0,0.0,0.0,7.802802200675545e-05,3.3309415526763276e-05
A,29,1,fixed::qwen30_fast,892,275.5796486460797,0.0,0.0,0.0,7.878026792950794e-05,4.0089694450028876e-05
A,29,1,fixed::qwen30_judge,892,632.0531239944918,0.0,0.0,0.0,7.833183402166338e-05,2.7210760058734916e-05
A,29,2,OURS,894,55.31519780290194,23.254241866586465,0.47381830536038977,0.00016878857626319264,0.00016823378042578365,3.314542144503636e-05
A,29,2,OURS_legacy_hp,894,55.97724821396387,23.254241866586465,0.46138913312135676,0.00016512080997862006,0.00017097203091716174,3.264429189902324e-05
A,29,2,fixed::factcc,894,31.80500424993891,0.0,0.0,0.0,7.905145641937185e-05,3.3593959002120115e-05
A,29,2,fixed::factkb,894,31.792038909648703,0.0,0.0,0.0,7.860514885377165e-05,3.314540516772626e-05
A,29,2,fixed::hhem,894,98.98382499002122,0.0,0.0,0.0,7.842505669483803e-05,3.17673355401379e-05
A,29,2,fixed::wecheck,894,239.29991568944607,0.0,0.0,0.0,7.507941837712155e-05,3.552684074442759e-05
A,29,2,fixed::factcg,894,267.03182582021276,0.0,0.0,0.0,7.715435220466164e-05,4.084117088666898e-05
A,29,2,fixed::minicheck_dbta,894,321.246993906772,0.0,0.0,0.0,7.738814320961134e-05,3.541833619530869e-05
A,29,2,fixed::minicheck_ft5,894,299.50547319323465,0.0,0.0,0.0,8.026956892061887e-05,3.983892807195284e-05
A,29,2,fixed::alignscore,894,524.8239423576817,0.0,0.0,0.0,8.000110724515863e-05,3.855033481797783e-05
A,29,2,fixed::lettuce_v2,894,49.93306226270238,0.0,0.0,0.0,7.872929589789553e-05,2.4536905562300944e-05
A,29,2,fixed::granite_guardian_3_1_2b,894,157.37171845428693,0.0,0.0,0.0,7.74776195832247e-05,3.8121932293486344e-05
A,29,2,fixed::granite_guardian_3_2_3b_a800m,894,231.25598019015533,0.0,0.0,0.0,7.677850911447932e-05,3.212527358921149e-05
A,29,2,fixed::granite_guardian_3_2_8b_factuality,894,950.5433996060344,0.0,0.0,0.0,7.826397643409985e-05,3.0765092725421757e-05
A,29,2,fixed::granite_guardian_4_1_3b_factuality_lora,894,421.126866555667,0.0,0.0,0.0,7.747651272613797e-05,3.4881429121698306e-05
A,29,2,fixed::qwen30_fast,894,242.8968219792377,0.0,0.0,0.0,7.985793202552919e-05,3.123042846652752e-05
A,29,2,fixed::qwen30_judge,894,593.0710224596464,0.0,0.0,0.0,7.87662128371997e-05,2.738366060279793e-05
A,29,3,OURS,877,75.65969378999255,39.67302355077304,0.43022034206534354,0.0001671356822023149,0.00016892360982101754,3.347776781347078e-05
A,29,3,OURS_legacy_hp,877,77.66475665538748,39.67302355077304,0.4702132143663771,0.00016813910063972088,0.0001743785702987673,3.351425545496129e-05
A,29,3,fixed::factcc,877,46.273932324593915,0.0,0.0,0.0,7.965336760830989e-05,3.105131476510108e-05
A,29,3,fixed::factkb,877,46.38720306617892,0.0,0.0,0.0,7.77023988048479e-05,3.451767389236725e-05
A,29,3,fixed::hhem,877,128.20362012485305,0.0,0.0,0.0,7.72998898429212e-05,3.4554161533857764e-05
A,29,3,fixed::wecheck,877,321.9127047203928,0.0,0.0,0.0,8.594868874587247e-05,3.9133402023001436e-05
A,29,3,fixed::factcg,877,429.33182849358536,0.0,0.0,0.0,7.901597049134011e-05,4.072063931708937e-05
A,29,3,fixed::minicheck_dbta,877,487.74966962012024,0.0,0.0,0.0,7.921664422312104e-05,3.9096914381510924e-05
A,29,3,fixed::minicheck_ft5,877,480.55342509433973,0.0,0.0,0.0,7.781071682378837e-05,3.999086989444535e-05
A,29,3,fixed::alignscore,877,666.6051211011991,0.0,0.0,0.0,7.795666738975041e-05,4.0501713468146295e-05
A,29,3,fixed::lettuce_v2,877,78.89332543357547,0.0,0.0,0.0,7.925313186461155e-05,2.7676166445144292e-05
A,29,3,fixed::granite_guardian_3_1_2b,877,193.44174568709266,0.0,0.0,0.0,7.872292445388494e-05,4.022804786055057e-05
A,29,3,fixed::granite_guardian_3_2_3b_a800m,877,255.36805917337662,0.0,0.0,0.0,8.016533949470812e-05,3.650625865001703e-05
A,29,3,fixed::granite_guardian_3_2_8b_factuality,877,1053.996611574136,0.0,0.0,0.0,7.98916738871124e-05,3.214594400981643e-05
A,29,3,fixed::granite_guardian_4_1_3b_factuality_lora,877,465.845831543662,0.0,0.0,0.0,7.84868913933108e-05,3.66716062386723e-05
A,29,3,fixed::qwen30_fast,877,294.5578497895366,0.0,0.0,0.0,8.275597863336823e-05,3.167160467043978e-05
A,29,3,fixed::qwen30_judge,877,671.6087409252,0.0,0.0,0.0,7.662598849162714e-05,2.7402500837548564e-05
A,29,4,OURS,849,87.76881324394154,29.910794638894092,0.46894403417017183,0.0001685583135233786,0.00017155475683567346,3.282920645552087e-05
A,29,4,OURS_legacy_hp,849,84.48317287522269,29.910794638894092,0.5156301696320229,0.0001712520632868714,0.00017225088343765803,3.3037681066737155e-05
A,29,4,fixed::factcc,849,49.345483296534084,0.0,0.0,0.0,8.199882536722858e-05,3.9670200638903046e-05
A,29,4,fixed::factkb,849,48.03959484870553,0.0,0.0,0.0,8.322379153629916e-05,3.578799304489849e-05
A,29,4,fixed::hhem,849,175.24302605179892,0.0,0.0,0.0,8.165842367531413e-05,3.201884131997087e-05
A,29,4,fixed::wecheck,849,385.92724769416805,0.0,0.0,0.0,8.043464017073208e-05,3.690106886931562e-05
A,29,4,fixed::factcg,849,408.28613611586087,0.0,0.0,0.0,7.992578591949563e-05,4.117902342528456e-05
A,29,4,fixed::minicheck_dbta,849,512.6262263606949,0.0,0.0,0.0,7.952885629304271e-05,3.6428740096703016e-05
A,29,4,fixed::minicheck_ft5,849,483.71641293804447,0.0,0.0,0.0,8.133922424386787e-05,4.019787468156559e-05
A,29,4,fixed::alignscore,849,654.7258893929537,0.0,0.0,0.0,8.007538440726144e-05,3.989634665718699e-05
A,29,4,fixed::lettuce_v2,849,78.40652842574711,0.0,0.0,0.0,8.020847701238309e-05,2.6855122482292222e-05
A,29,4,fixed::granite_guardian_3_1_2b,849,181.64066587600422,0.0,0.0,0.0,7.824736218943368e-05,3.714486915460218e-05
A,29,4,fixed::granite_guardian_3_2_3b_a800m,849,247.85855286383756,0.0,0.0,0.0,7.892580024428552e-05,3.723910523225302e-05
A,29,4,fixed::granite_guardian_3_2_8b_factuality,849,1021.6754479821221,0.0,0.0,0.0,8.552297700231607e-05,2.9078908802149433e-05
A,29,4,fixed::granite_guardian_4_1_3b_factuality_lora,849,453.5628492851455,0.0,0.0,0.0,7.90023649148687e-05,3.418609970528961e-05
A,29,4,fixed::qwen30_fast,849,280.3042371948543,0.0,0.0,0.0,8.000118506565531e-05,3.284806052707706e-05
A,29,4,fixed::qwen30_judge,849,660.6595202680136,0.0,0.0,0.0,8.196113436418126e-05,2.8024743381312864e-05
A,29,5,OURS,840,94.67676661595414,41.905027615991585,0.4425920952295807,0.00017474405813984397,0.00017794405894597904,3.457263076034862e-05
A,29,5,OURS_legacy_hp,840,94.4393498274578,41.905027615991585,0.5145120821301437,0.00016965953234050955,0.00017459285681113777,3.598096165140825e-05
A,29,5,fixed::factcc,840,62.10509834425119,0.0,0.0,0.0,8.17714213293844e-05,3.21142752433107e-05
A,29,5,fixed::factkb,840,55.39400637997979,0.0,0.0,0.0,8.12202328926928e-05,3.076189993104587e-05
A,29,5,fixed::hhem,840,217.31608190017315,0.0,0.0,0.0,8.238213402884347e-05,3.466666385065764e-05
A,29,5,fixed::wecheck,840,445.3738604818812,0.0,0.0,0.0,8.051546977921611e-05,4.0496438270479085e-05
A,29,5,fixed::factcg,840,560.0756426461365,0.0,0.0,0.0,8.306785838656305e-05,4.1848813582743916e-05
A,29,5,fixed::minicheck_dbta,840,562.5400134562542,0.0,0.0,0.0,8.125832772791563e-05,3.60964241692619e-05
A,29,5,fixed::minicheck_ft5,840,571.2824687409184,0.0,0.0,0.0,8.228690560264069e-05,3.847737735625179e-05
A,29,5,fixed::alignscore,840,871.2280752239167,0.0,0.0,0.0,8.821073043647976e-05,4.1961920076227256e-05
A,29,5,fixed::lettuce_v2,840,85.41942908666984,0.0,0.0,0.0,8.202022443237227e-05,2.7428575863485182e-05
A,29,5,fixed::granite_guardian_3_1_2b,840,183.22957612967696,0.0,0.0,0.0,8.19250133298781e-05,3.7563101310903825e-05
A,29,5,fixed::granite_guardian_3_2_3b_a800m,840,251.73407040905053,0.0,0.0,0.0,8.245714568710398e-05,3.148571912398828e-05
A,29,5,fixed::granite_guardian_3_2_8b_factuality,840,1025.3240622599108,0.0,0.0,0.0,8.367737575012835e-05,3.0172616659131434e-05
A,29,5,fixed::granite_guardian_4_1_3b_factuality_lora,840,458.4035101802978,0.0,0.0,0.0,8.474404846007626e-05,3.569524172538271e-05
A,29,5,fixed::qwen30_fast,840,276.6729110398349,0.0,0.0,0.0,8.272498754584896e-05,3.428691083432308e-05
A,29,5,fixed::qwen30_judge,840,654.0226605079148,0.0,0.0,0.0,8.405832410235667e-05,2.8420236915172565e-05
A,29,6,OURS,813,95.6599608608974,40.56749388668342,0.4560574144941181,0.00017739974949188155,0.00017741820339667915,4.4378830889769146e-05
A,29,6,OURS_legacy_hp,813,94.55537791660304,40.56749388668342,0.5464339876896271,0.00017911070032185,0.00018190529451191169,3.434192927079997e-05
A,29,6,fixed::factcc,813,45.1587802321114,0.0,0.0,0.0,8.818696895648632e-05,3.5366559513417267e-05
A,29,6,fixed::factkb,813,45.24586479908982,0.0,0.0,0.0,8.590528950539646e-05,3.341697875254525e-05
A,29,6,fixed::hhem,813,128.96410297754343,0.0,0.0,0.0,8.655473808122187e-05,3.5306275564476135e-05
A,29,6,fixed::wecheck,813,318.07296601836345,0.0,0.0,0.0,8.564944070309108e-05,4.124970374076752e-05
A,29,6,fixed::factcg,813,389.42616181112317,0.0,0.0,0.0,8.468387727505386e-05,4.370971127478509e-05
A,29,6,fixed::minicheck_dbta,813,476.7567325602652,0.0,0.0,0.0,8.464575233109762e-05,3.8121775827092216e-05
A,29,6,fixed::minicheck_ft5,813,436.475608398411,0.0,0.0,0.0,8.120172746424525e-05,3.9381295102356323e-05
A,29,6,fixed::alignscore,813,669.2202228300736,0.0,0.0,0.0,8.533456088427505e-05,4.087575710737141e-05
A,29,6,fixed::lettuce_v2,813,72.37615573880358,0.0,0.0,0.0,8.478228616795124e-05,2.8792136666098057e-05
A,29,6,fixed::granite_guardian_3_1_2b,813,186.13027970394353,0.0,0.0,0.0,8.435054355144024e-05,3.617219506622021e-05
A,29,6,fixed::granite_guardian_3_2_3b_a800m,813,248.6611458305802,0.0,0.0,0.0,8.549200079368306e-05,3.316112995023987e-05
A,29,6,fixed::granite_guardian_3_2_8b_factuality,813,1039.9232726279022,0.0,0.0,0.0,8.612177833034983e-05,2.9972935986658158e-05
A,29,6,fixed::granite_guardian_4_1_3b_factuality_lora,813,456.00039288098753,0.0,0.0,0.0,8.301230432147213e-05,3.607380407235756e-05
A,29,6,fixed::qwen30_fast,813,288.4247824086448,0.0,0.0,0.0,8.576752063514709e-05,3.316112995023987e-05
A,29,6,fixed::qwen30_judge,813,645.2928810722772,0.0,0.0,0.0,8.779458631732734e-05,2.9521522330988524e-05
A,29,7,OURS,815,76.16881757501108,25.41913162914042,0.4678276318741071,0.0001813607337524646,0.0001779251426252668,3.437669462084404e-05
A,29,7,OURS_legacy_hp,815,69.16484088098424,25.41913162914042,0.4956431987558269,0.00017867239686357645,0.00017859263808403644,3.4591402327127615e-05
A,29,7,fixed::factcc,815,37.299097186680086,0.0,0.0,0.0,8.673375355296888e-05,3.498526821427184e-05
A,29,7,fixed::factkb,815,38.37608554517633,0.0,0.0,0.0,8.704784280546238e-05,3.082209918076641e-05
A,29,7,fixed::hhem,815,131.58143913624036,0.0,0.0,0.0,8.647976460312407e-05,3.588834400374465e-05
A,29,7,fixed::wecheck,815,313.23848365619637,0.0,0.0,0.0,8.610675348528872e-05,3.999018073196243e-05
A,29,7,fixed::factcg,815,427.8639260576281,0.0,0.0,0.0,9.060245610065072e-05,3.9263799118072346e-05
A,29,7,fixed::minicheck_dbta,815,398.43277245155747,0.0,0.0,0.0,8.661717753514556e-05,3.708467213151279e-05
A,29,7,fixed::minicheck_ft5,815,394.62053617648206,0.0,0.0,0.0,8.524170908162747e-05,3.865522552464455e-05
A,29,7,fixed::alignscore,815,598.1252771148036,0.0,0.0,0.0,8.665522677606783e-05,4.3249077683577506e-05
A,29,7,fixed::lettuce_v2,815,67.14184172719322,0.0,0.0,0.0,8.630183842490238e-05,2.8799990037787547e-05
A,29,7,fixed::granite_guardian_3_1_2b,815,162.3469417051275,0.0,0.0,0.0,8.384784986407844e-05,4.1305531027721116e-05
A,29,7,fixed::granite_guardian_3_2_3b_a800m,815,230.24936794061242,0.0,0.0,0.0,8.51239189162759e-05,3.967607362435822e-05
A,29,7,fixed::granite_guardian_3_2_8b_factuality,815,975.2774372022668,0.0,0.0,0.0,8.402577604230013e-05,2.9939878160602476e-05
A,29,7,fixed::granite_guardian_4_1_3b_factuality_lora,815,432.7505228796008,0.0,0.0,0.0,8.347607074888207e-05,4.338774047334867e-05
A,29,7,fixed::qwen30_fast,815,253.75526366306133,0.0,0.0,0.0,8.646012398134346e-05,3.3668721626095613e-05
A,29,7,fixed::qwen30_judge,815,650.5956278415397,0.0,0.0,0.0,8.379017785648626e-05,2.9977909546414037e-05
A,29,8,OURS,812,70.70138370708547,26.645051034782746,0.5105355886537168,0.0006013645276110711,0.00018555910545607726,9.020812894915015e-05
A,29,8,OURS_legacy_hp,812,69.70044534750629,26.645051034782746,0.5419970923871847,0.0001787204400629374,0.00018075123868579863,3.458128245937377e-05
A,29,8,fixed::factcc,812,40.65805617825264,0.0,0.0,0.0,8.417858230064765e-05,3.322168196588204e-05
A,29,8,fixed::factkb,812,40.804925772534645,0.0,0.0,0.0,8.628570679414631e-05,3.653202762740109e-05
A,29,8,fixed::hhem,812,172.2356102105604,0.0,0.0,0.0,8.461205733210546e-05,3.454187400914325e-05
A,29,8,fixed::wecheck,812,341.72615365868893,0.0,0.0,0.0,8.382390624857301e-05,3.9822660103265945e-05
A,29,8,fixed::factcg,812,349.58969711779395,0.0,0.0,0.0,8.7429806326282e-05,4.1498782674052516e-05
A,29,8,fixed::minicheck_dbta,812,455.934969099652,0.0,0.0,0.0,8.309482303769167e-05,4.019828589536763e-05
A,29,8,fixed::minicheck_ft5,812,420.3793349617913,0.0,0.0,0.0,8.581280539138013e-05,4.2108368137713724e-05
A,29,8,fixed::alignscore,812,659.1880342750273,0.0,0.0,0.0,8.679927112259374e-05,4.151846001755097e-05
A,29,8,fixed::lettuce_v2,812,65.53711748316803,0.0,0.0,0.0,8.350862072565102e-05,2.6640399093074458e-05
A,29,8,fixed::granite_guardian_3_1_2b,812,166.2003013753823,0.0,0.0,0.0,8.482881276891223e-05,3.895689283148959e-05
A,29,8,fixed::granite_guardian_3_2_3b_a800m,812,234.21104118625664,0.0,0.0,0.0,8.311453622334587e-05,3.966626285671674e-05
A,29,8,fixed::granite_guardian_3_2_8b_factuality,812,992.219243504331,0.0,0.0,0.0,8.545934797260048e-05,3.0503681691115712e-05
A,29,8,fixed::granite_guardian_4_1_3b_factuality_lora,812,435.8554609822613,0.0,0.0,0.0,8.488793440479693e-05,3.8403937973889515e-05
A,29,8,fixed::qwen30_fast,812,257.7426850760549,0.0,0.0,0.0,8.936083830865513e-05,3.531156638247222e-05
A,29,8,fixed::qwen30_judge,812,621.9226675997104,0.0,0.0,0.0,8.573522504529195e-05,2.8433492539101854e-05
A,29,9,OURS,806,82.58566153639431,36.595805253572536,0.5035760124260502,0.00018271215048574707,0.0001861451747746348,3.706203096502324e-05
A,29,9,OURS_legacy_hp,806,77.52270892399817,36.595805253572536,0.5031821240914209,0.00018177914884398984,0.00018699998244014627,3.6962785458806946e-05
A,29,9,fixed::factcc,806,42.99790508031617,0.0,0.0,0.0,9.117618035039779e-05,3.358934097172272e-05
A,29,9,fixed::factkb,806,43.879150205530706,0.0,0.0,0.0,8.690819027544769e-05,3.364763890506316e-05
A,29,9,fixed::hhem,806,137.9476639119837,0.0,0.0,0.0,9.302232369997772e-05,3.612904737775143e-05
A,29,9,fixed::wecheck,806,310.73945518572947,0.0,0.0,0.0,8.982630064087011e-05,4.280023389465866e-05
A,29,9,fixed::factcg,806,401.843791572594,0.0,0.0,0.0,8.498387100410743e-05,3.777666360592798e-05
A,29,9,fixed::minicheck_dbta,806,468.4899438786215,0.0,0.0,0.0,8.319602558786793e-05,3.6426801950885696e-05
A,29,9,fixed::minicheck_ft5,806,457.6541929104306,0.0,0.0,0.0,8.553969639147778e-05,3.751985660566955e-05
A,29,9,fixed::alignscore,806,672.4657253470205,0.0,0.0,0.0,8.587717083248105e-05,4.091438873169514e-05
A,29,9,fixed::lettuce_v2,806,76.30381186680653,0.0,0.0,0.0,8.657196159393667e-05,2.8883367135575407e-05
A,29,9,fixed::granite_guardian_3_1_2b,806,185.51856774492154,0.0,0.0,0.0,8.51823800710254e-05,4.1270477347140646e-05
A,29,9,fixed::granite_guardian_3_2_3b_a800m,806,245.200641759398,0.0,0.0,0.0,8.488337973839888e-05,3.658560920442009e-05
A,29,9,fixed::granite_guardian_3_2_8b_factuality,806,1041.0201469785534,0.0,0.0,0.0,8.895410650592325e-05,3.110670479402759e-05
A,29,9,fixed::granite_guardian_4_1_3b_factuality_lora,806,459.2776819222613,0.0,0.0,0.0,8.782257774276266e-05,3.8749385115554184e-05
A,29,9,fixed::qwen30_fast,806,285.3482898526794,0.0,0.0,0.0,8.845657905189334e-05,3.418362241298441e-05
A,29,9,fixed::qwen30_judge,806,640.365822079231,0.0,0.0,0.0,9.294416583270278e-05,2.9955334151417904e-05
A,43,0,OURS,896,77.29726253546687,30.73201393151846,0.4501047488604724,0.00016362611989149758,0.00016644867173454259,3.191070975714995e-05
A,43,0,OURS_legacy_hp,896,77.93774592252183,30.73201393151846,0.46806334151889517,0.00016432365360482696,0.00016664398572174832,3.135713606232977e-05
A,43,0,fixed::factcc,896,45.49829576808406,0.0,0.0,0.0,7.471427514766609e-05,3.2178572187798894e-05
A,43,0,fixed::factkb,896,46.32334299588235,0.0,0.0,0.0,7.66975582726965e-05,3.250110174641512e-05
A,43,0,fixed::hhem,896,149.97060998030065,0.0,0.0,0.0,7.523327180284209e-05,3.23582461143295e-05
A,43,0,fixed::wecheck,896,519.6423847333855,0.0,0.0,0.0,7.448214286601537e-05,3.933928383048624e-05
A,43,0,fixed::factcg,896,458.2453388307905,0.0,0.0,0.0,7.46796981080219e-05,3.855469848141573e-05
A,43,0,fixed::minicheck_dbta,896,479.0383079199663,0.0,0.0,0.0,7.596427816939208e-05,3.496428949542211e-05
A,43,0,fixed::minicheck_ft5,896,468.72071805572494,0.0,0.0,0.0,7.850111874826584e-05,3.992857143332783e-05
A,43,0,fixed::alignscore,896,673.9949748783991,0.0,0.0,0.0,7.539397626845e-05,4.0822539761263344e-05
A,43,0,fixed::lettuce_v2,896,76.63525526040108,0.0,0.0,0.0,7.614286395047592e-05,2.6017849969710888e-05
A,43,0,fixed::granite_guardian_3_1_2b,896,178.31130611823806,0.0,0.0,0.0,7.496540937219314e-05,3.901896304471718e-05
A,43,0,fixed::granite_guardian_3_2_3b_a800m,896,247.06054531169943,0.0,0.0,0.0,8.080469017711169e-05,3.116071768870045e-05
A,43,0,fixed::granite_guardian_3_2_8b_factuality,896,1009.9402219640134,0.0,0.0,0.0,7.692969055434722e-05,3.062499282740256e-05
A,43,0,fixed::granite_guardian_4_1_3b_factuality_lora,896,452.2129695319239,0.0,0.0,0.0,7.557254580855702e-05,3.4375001892580516e-05
A,43,0,fixed::qwen30_fast,896,275.6361654532092,0.0,0.0,0.0,7.605467544635758e-05,3.100111760951612e-05
A,43,0,fixed::qwen30_judge,896,638.0502041561483,0.0,0.0,0.0,7.594642933586979e-05,2.6965397280166924e-05
A,43,1,OURS,896,82.12753845847536,29.701684757648245,0.4798684285560739,0.0001612165111250111,0.0001624475446858144,3.280357369866189e-05
A,43,1,OURS_legacy_hp,896,70.63601771145451,29.701684757648245,0.4658059453147091,0.00016576897061375867,0.00016923325217378858,3.280469432606229e-05
A,43,1,fixed::factcc,896,44.74645922807343,0.0,0.0,0.0,7.998327029261938e-05,3.262500415855486e-05
A,43,1,fixed::factkb,896,45.74903953497206,0.0,0.0,0.0,8.167968904412451e-05,3.132254278170876e-05
A,43,1,fixed::hhem,896,172.44366652227785,0.0,0.0,0.0,7.944754543132149e-05,2.9483252157141188e-05
A,43,1,fixed::wecheck,896,378.2556501264805,0.0,0.0,0.0,7.944754543132149e-05,3.9999999249370634e-05
A,43,1,fixed::factcg,896,431.3520789135379,0.0,0.0,0.0,8.123325707336855e-05,3.641071089077741e-05
A,43,1,fixed::minicheck_dbta,896,555.5894565257274,0.0,0.0,0.0,7.969642216007092e-05,3.319642668689734e-05
A,43,1,fixed::minicheck_ft5,896,509.5224272778783,0.0,0.0,0.0,8.514397060415442e-05,3.901897928569399e-05
A,43,1,fixed::alignscore,896,673.3827302535117,0.0,0.0,0.0,8.216181868192507e-05,3.9054693193715396e-05
A,43,1,fixed::lettuce_v2,896,81.44556393325989,0.0,0.0,0.0,8.196540030829575e-05,2.6392854124424048e-05
A,43,1,fixed::granite_guardian_3_1_2b,896,179.25946535563395,0.0,0.0,0.0,7.839397702420163e-05,3.9321418755987126e-05
A,43,1,fixed::granite_guardian_3_2_3b_a800m,896,246.79602614820138,0.0,0.0,0.0,7.901785790766423e-05,3.746539992529766e-05
A,43,1,fixed::granite_guardian_3_2_8b_factuality,896,1021.8089828333632,0.0,0.0,0.0,7.867858390194929e-05,2.9000001891940235e-05
A,43,1,fixed::granite_guardian_4_1_3b_factuality_lora,896,453.24215356108004,0.0,0.0,0.0,7.791071051802387e-05,3.321429176139645e-05
A,43,1,fixed::qwen30_fast,896,278.26908322072086,0.0,0.0,0.0,7.917968300067255e-05,3.325000566941786e-05
A,43,1,fixed::qwen30_judge,896,647.394648143063,0.0,0.0,0.0,7.842969093222305e-05,2.7589278163629517e-05
A,43,2,OURS,889,73.18257284628964,37.96132824916188,0.4577456602869404,0.00016574240229391107,0.00016862204462327523,3.255905095839829e-05
A,43,2,OURS_legacy_hp,889,73.0021958092646,37.96132824916188,0.5238992429515965,0.00016930709772138816,0.00017006186578795733,3.3908892507770666e-05
A,43,2,fixed::factcc,889,48.804497159906184,0.0,0.0,0.0,8.048705234956017e-05,3.329584601830746e-05
A,43,2,fixed::factkb,889,47.12622123875177,0.0,0.0,0.0,8.019909139039546e-05,3.5347584221214556e-05
A,43,2,fixed::hhem,889,193.88682588247931,0.0,0.0,0.0,8.13689573402899e-05,3.34769510690236e-05
A,43,2,fixed::wecheck,889,391.99689580608185,0.0,0.0,0.0,8.04510735985231e-05,4.0692916816714374e-05
A,43,2,fixed::factcg,889,543.6502862084933,0.0,0.0,0.0,7.95320440366596e-05,4.078291280088261e-05
A,43,2,fixed::minicheck_dbta,889,519.5628078305424,0.0,0.0,0.0,7.994714191998486e-05,3.457481041026833e-05
A,43,2,fixed::minicheck_ft5,889,474.96435058053584,0.0,0.0,0.0,8.082903054185605e-05,4.123397306638641e-05
A,43,2,fixed::alignscore,889,733.6966554224463,0.0,0.0,0.0,8.349268578298817e-05,4.117885911973409e-05
A,43,2,fixed::lettuce_v2,889,78.25556975455181,0.0,0.0,0.0,8.766816879745208e-05,2.6294721538752014e-05
A,43,2,fixed::granite_guardian_3_1_2b,889,174.78301465769687,0.0,0.0,0.0,7.870415627906105e-05,3.6950504692235734e-05
A,43,2,fixed::granite_guardian_3_2_3b_a800m,889,244.5717744978867,0.0,0.0,0.0,7.929921339300573e-05,3.4105744400387475e-05
A,43,2,fixed::granite_guardian_3_2_8b_factuality,889,992.2152620244455,0.0,0.0,0.0,8.043308422300458e-05,2.8869510246954095e-05
A,43,2,fixed::granite_guardian_4_1_3b_factuality_lora,889,443.7775854482258,0.0,0.0,0.0,8.392462722173525e-05,3.732846163556868e-05
A,43,2,fixed::qwen30_fast,889,268.9346825908327,0.0,0.0,0.0,8.010911177508574e-05,3.182002973372978e-05
A,43,2,fixed::qwen30_judge,889,624.2584742688382,0.0,0.0,0.0,8.075702393320635e-05,2.7087743627693172e-05
A,43,3,OURS,882,70.19520920495816,29.16102524739352,0.4662112652956637,0.0001654977274819989,0.0001702335509503273,3.180043893821892e-05
A,43,3,OURS_legacy_hp,882,74.37139191254794,29.16102524739352,0.40731620973848803,0.0005453843508568295,0.00017021429688562038,0.00012665873173256815
A,43,3,fixed::factcc,882,33.842229993562235,0.0,0.0,0.0,8.529817945241523e-05,3.279932397639468e-05
A,43,3,fixed::factkb,882,34.20680383017182,0.0,0.0,0.0,7.969273880964605e-05,3.419614285061689e-05
A,43,3,fixed::hhem,882,102.42302962012596,0.0,0.0,0.0,7.749660402037997e-05,3.210885044770176e-05
A,43,3,fixed::wecheck,882,253.6369480491685,0.0,0.0,0.0,7.93650732354563e-05,4.0036278498061256e-05
A,43,3,fixed::factcg,882,274.85116065414877,0.0,0.0,0.0,7.922108846879195e-05,3.9874161583056795e-05
A,43,3,fixed::minicheck_dbta,882,341.0844030198253,0.0,0.0,0.0,7.940249244604352e-05,3.631745571747862e-05
A,43,3,fixed::minicheck_ft5,882,320.50898808697156,0.0,0.0,0.0,7.992857222945817e-05,3.963717324933768e-05
A,43,3,fixed::alignscore,882,526.9762076028436,0.0,0.0,0.0,7.769727856110857e-05,3.9456907687223015e-05
A,43,3,fixed::lettuce_v2,882,52.874786488906125,0.0,0.0,0.0,7.767914641276846e-05,2.6068023760758696e-05
A,43,3,fixed::granite_guardian_3_1_2b,882,161.96189665364534,0.0,0.0,0.0,7.649999581247805e-05,3.994558475882051e-05
A,43,3,fixed::granite_guardian_3_2_3b_a800m,882,232.37038726412612,0.0,0.0,0.0,7.909409743533078e-05,3.5555559013021976e-05
A,43,3,fixed::granite_guardian_3_2_8b_factuality,882,962.2546820673981,0.0,0.0,0.0,7.929365005969257e-05,2.891610745053375e-05
A,43,3,fixed::granite_guardian_4_1_3b_factuality_lora,882,425.94819408945705,0.0,0.0,0.0,7.893082560641932e-05,3.519273455974872e-05
A,43,3,fixed::qwen30_fast,882,251.18087903718418,0.0,0.0,0.0,8.000113382035879e-05,3.1801577353355834e-05
A,43,3,fixed::qwen30_judge,882,622.3825263294372,0.0,0.0,0.0,7.880385107172827e-05,2.752041049267835e-05
A,43,4,OURS,847,75.44963112608953,25.724543429305143,0.4439124380309275,0.00016787838478877243,0.00017571901512764386,3.2377805216666726e-05
A,43,4,OURS_legacy_hp,847,82.27036589468112,25.724543429305143,0.50317615228969,0.00017352657238133647,0.0001760200696855502,3.215110802488597e-05
A,43,4,fixed::factcc,847,43.14159022578464,0.0,0.0,0.0,8.177568167316097e-05,2.9940969324995102e-05
A,43,4,fixed::factkb,847,42.92062211832182,0.0,0.0,0.0,8.268358717521888e-05,3.4512401093347294e-05
A,43,4,fixed::hhem,847,128.05253877929178,0.0,0.0,0.0,8.230460169939534e-05,3.3567883865962766e-05
A,43,4,fixed::wecheck,847,302.51442324135115,0.0,0.0,0.0,8.149234024937559e-05,3.636363836570501e-05
A,43,4,fixed::factcg,847,384.86276261783763,0.0,0.0,0.0,8.37969375442199e-05,4.125619155971648e-05
A,43,4,fixed::minicheck_dbta,847,448.45613435698607,0.0,0.0,0.0,8.115230305197318e-05,3.540023972765227e-05
A,43,4,fixed::minicheck_ft5,847,406.3192010901353,0.0,0.0,0.0,8.085124849406684e-05,3.8971661132625103e-05
A,43,4,fixed::alignscore,847,676.5786535912366,0.0,0.0,0.0,8.175796853904002e-05,4.010389291229433e-05
A,43,4,fixed::lettuce_v2,847,67.07265040689613,0.0,0.0,0.0,8.024675128354725e-05,2.7220774829000623e-05
A,43,4,fixed::granite_guardian_3_1_2b,847,171.2217084768502,0.0,0.0,0.0,7.897992717341873e-05,3.753481842379538e-05
A,43,4,fixed::granite_guardian_3_2_3b_a800m,847,241.9679135909093,0.0,0.0,0.0,7.983000298638727e-05,3.5097999712661205e-05
A,43,4,fixed::granite_guardian_3_2_8b_factuality,847,990.9009175540587,0.0,0.0,0.0,8.141676306509036e-05,2.97709507262939e-05
A,43,4,fixed::granite_guardian_4_1_3b_factuality_lora,847,440.21970795052687,0.0,0.0,0.0,8.032114301074775e-05,3.634473977449934e-05
A,43,4,fixed::qwen30_fast,847,262.73133798192174,0.0,0.0,0.0,8.931405481650387e-05,3.30956252522705e-05
A,43,4,fixed::qwen30_judge,847,625.5111805384403,0.0,0.0,0.0,7.98878498560141e-05,2.7617473438945122e-05
A,43,5,OURS,840,85.9265902861634,44.007888866239924,0.494047836902956,0.0005546345381021855,0.00017603928253742023,0.00011781071190766635
A,43,5,OURS_legacy_hp,840,86.8849396174829,44.007888866239924,0.548981803547663,0.0001704404678007233,0.00018108690883742557,3.491428894146035e-05
A,43,5,fixed::factcc,840,58.29191449159961,0.0,0.0,0.0,8.082022846099876e-05,3.3219060112190035e-05
A,43,5,fixed::factkb,840,52.17439468546044,0.0,0.0,0.0,8.16964269948325e-05,2.899048143132989e-05
A,43,5,fixed::hhem,840,197.80001944454852,0.0,0.0,0.0,7.961905447744011e-05,3.3371422129372753e-05
A,43,5,fixed::wecheck,840,411.09578609431907,0.0,0.0,0.0,7.925832289315405e-05,3.523928171489388e-05
A,43,5,fixed::factcg,840,463.4980727220647,0.0,0.0,0.0,7.942858030132594e-05,3.457141810074626e-05
A,43,5,fixed::minicheck_dbta,840,537.1312628491848,0.0,0.0,0.0,8.577262633480132e-05,3.5696437061276465e-05
A,43,5,fixed::minicheck_ft5,840,498.5080967682907,0.0,0.0,0.0,8.055238660225379e-05,3.502857344712884e-05
A,43,5,fixed::alignscore,840,799.5813660847142,0.0,0.0,0.0,8.024880593265629e-05,3.990595966267089e-05
A,43,5,fixed::lettuce_v2,840,82.95102561792841,0.0,0.0,0.0,7.984881882467085e-05,2.813333897696187e-05
A,43,5,fixed::granite_guardian_3_1_2b,840,183.3108355381271,0.0,0.0,0.0,7.828571792093239e-05,3.9657139235974424e-05
A,43,5,fixed::granite_guardian_3_2_3b_a800m,840,249.38757913623704,0.0,0.0,0.0,7.881904561405204e-05,3.53333321289115e-05
A,43,5,fixed::granite_guardian_3_2_8b_factuality,840,1018.1354326474234,0.0,0.0,0.0,7.899046371070047e-05,3.0000003226589234e-05
A,43,5,fixed::granite_guardian_4_1_3b_factuality_lora,840,454.9930538825893,0.0,0.0,0.0,7.93154738078426e-05,3.714404079974407e-05
A,43,5,fixed::qwen30_fast,840,282.61267277755127,0.0,0.0,0.0,8.137141689769036e-05,3.3942861981423835e-05
A,43,5,fixed::qwen30_judge,840,657.4893102319385,0.0,0.0,0.0,8.123928897215851e-05,2.7752373301024947e-05
A,43,6,OURS,821,63.71839477613412,23.051498354419422,0.4669112082913657,0.00018048355833431037,0.0001807965928956358,3.336541466392241e-05
A,43,6,OURS_legacy_hp,821,68.66086283715694,23.051498354419422,0.4976885615351432,0.00018572717526163022,0.00018453714409423367,3.476736142019878e-05
A,43,6,fixed::factcc,821,35.731305083693556,0.0,0.0,0.0,8.497077769777951e-05,3.570279610727831e-05
A,43,6,fixed::factkb,821,36.27587401781863,0.0,0.0,0.0,8.495128061282068e-05,3.554690805072108e-05
A,43,6,fixed::hhem,821,108.17839714479275,0.0,0.0,0.0,8.387819650593179e-05,3.525455812407469e-05
A,43,6,fixed::wecheck,821,254.88017961967353,0.0,0.0,0.0,8.463945132583815e-05,4.1453106823432896e-05
A,43,6,fixed::factcg,821,316.6990275260789,0.0,0.0,0.0,8.39378753105285e-05,3.96991490605361e-05
A,43,6,fixed::minicheck_dbta,821,349.9283316633741,0.0,0.0,0.0,8.259317908554036e-05,3.274177381458004e-05
A,43,6,fixed::minicheck_ft5,821,367.85680347652715,0.0,0.0,0.0,8.518513928459057e-05,4.5214360381332514e-05
A,43,6,fixed::alignscore,821,546.5273592130754,0.0,0.0,0.0,8.512668347895943e-05,4.60913569874036e-05
A,43,6,fixed::lettuce_v2,821,57.57579294650307,0.0,0.0,0.0,8.489280708256687e-05,2.734226883070296e-05
A,43,6,fixed::granite_guardian_3_1_2b,821,163.4701175531035,0.0,0.0,0.0,8.399634884078232e-05,4.11607746214092e-05
A,43,6,fixed::granite_guardian_3_2_3b_a800m,821,231.3127521106159,0.0,0.0,0.0,8.298173826414724e-05,3.8528632702721095e-05
A,43,6,fixed::granite_guardian_3_2_8b_factuality,821,982.411624052346,0.0,0.0,0.0,8.235932041377047e-05,3.094883960638826e-05
A,43,6,fixed::granite_guardian_4_1_3b_factuality_lora,821,431.0836058312981,0.0,0.0,0.0,8.460049260516587e-05,3.309135654789195e-05
A,43,6,fixed::qwen30_fast,821,252.88809010095812,0.0,0.0,0.0,8.311936995933392e-05,3.213642477585359e-05
A,43,6,fixed::qwen30_judge,821,625.8637050542701,0.0,0.0,0.0,8.206698821174678e-05,2.8590755803730615e-05
A,43,7,OURS,811,93.94643217257457,46.62627507355432,0.5142402712781954,0.0005878828591971432,0.00018071763346065868,8.92737390859335e-05
A,43,7,OURS_legacy_hp,811,91.51513909146766,46.62627507355432,0.4990146867973953,0.0001791578332253912,0.00018199999631829237,4.314797176518989e-05
A,43,7,fixed::factcc,811,52.81447639827227,0.0,0.0,0.0,8.603698762338126e-05,3.14081289246219e-05
A,43,7,fixed::factkb,811,53.7432737973761,0.0,0.0,0.0,8.633416249392653e-05,3.3085080151906656e-05
A,43,7,fixed::hhem,811,186.98659751013193,0.0,0.0,0.0,8.670775734838994e-05,3.45450086730421e-05
A,43,7,fixed::wecheck,811,458.5050052253939,0.0,0.0,0.0,8.542663256985706e-05,4.164858620140688e-05
A,43,7,fixed::factcg,811,646.4669103723788,0.0,0.0,0.0,8.69062806407286e-05,4.097656045412202e-05
A,43,7,fixed::minicheck_dbta,811,566.288103028001,0.0,0.0,0.0,8.528730381307745e-05,3.778052205649353e-05
A,43,7,fixed::minicheck_ft5,811,569.2244325380134,0.0,0.0,0.0,8.516891474195937e-05,3.926017012736506e-05
A,43,7,fixed::alignscore,811,831.4655744300196,0.0,0.0,0.0,8.404438005491595e-05,4.0720098648500504e-05
A,43,7,fixed::lettuce_v2,811,96.75417197713199,0.0,0.0,0.0,8.641183850012085e-05,2.7521583309073264e-05
A,43,7,fixed::granite_guardian_3_1_2b,811,198.28305811332436,0.0,0.0,0.0,9.158200299557938e-05,4.0364967321497e-05
A,43,7,fixed::granite_guardian_3_2_3b_a800m,811,259.0897379254431,0.0,0.0,0.0,8.414425176904799e-05,3.947843091261519e-05
A,43,7,fixed::granite_guardian_3_2_8b_factuality,811,1074.2408352436853,0.0,0.0,0.0,8.473612535193692e-05,3.1131929626088914e-05
A,43,7,fixed::granite_guardian_4_1_3b_factuality_lora,811,478.67501964834236,0.0,0.0,0.0,8.371022429992474e-05,3.3895178633694953e-05
A,43,7,fixed::qwen30_fast,811,303.6342105056597,0.0,0.0,0.0,8.704438926158278e-05,3.432798596689278e-05
A,43,7,fixed::qwen30_judge,811,688.514441224194,0.0,0.0,0.0,8.524784677042988e-05,2.9001231379944798e-05
A,43,8,OURS,821,92.39298125463662,38.16544329653971,0.5048952423906448,0.00017845798845331432,0.00018291959502755796,3.49232672013787e-05
A,43,8,OURS_legacy_hp,821,91.70749123426167,38.16544329653971,0.49967536906656174,0.0001755736960522404,0.00019574421032555355,3.5488434520467265e-05
A,43,8,fixed::factcc,821,47.05966948052294,0.0,0.0,0.0,8.72509263344699e-05,3.264434156365393e-05
A,43,8,fixed::factkb,821,46.89067389596828,0.0,0.0,0.0,8.771742067904405e-05,3.3929358984045364e-05
A,43,8,fixed::hhem,821,140.56390917117096,0.0,0.0,0.0,8.440561037869097e-05,3.556636968643453e-05
A,43,8,fixed::wecheck,821,339.12102770363464,0.0,0.0,0.0,8.510598111965769e-05,4.326431511761791e-05
A,43,8,fixed::factcg,821,446.90228324597183,0.0,0.0,0.0,8.528257153551667e-05,4.1453106823432896e-05
A,43,8,fixed::minicheck_dbta,821,543.3196904983974,0.0,0.0,0.0,8.565285662813033e-05,3.644336629250562e-05
A,43,8,fixed::minicheck_ft5,821,502.24724844923776,0.0,0.0,0.0,8.514616283929558e-05,3.7183918753110245e-05
A,43,8,fixed::alignscore,821,696.4879233948985,0.0,0.0,0.0,8.524359509022169e-05,4.024359629570022e-05
A,43,8,fixed::lettuce_v2,821,77.61306508890769,0.0,0.0,0.0,8.479537483164076e-05,2.8199768351815216e-05
A,43,8,fixed::granite_guardian_3_1_2b,821,188.97476586020903,0.0,0.0,0.0,8.50085311441089e-05,4.05749049430189e-05
A,43,8,fixed::granite_guardian_3_2_3b_a800m,821,250.50240046883243,0.0,0.0,0.0,8.557492146216306e-05,4.6870885893303204e-05
A,43,8,fixed::granite_guardian_3_2_8b_factuality,821,1050.8470732858943,0.0,0.0,0.0,8.331425218580883e-05,3.0674781490357796e-05
A,43,8,fixed::granite_guardian_4_1_3b_factuality_lora,821,462.6889765385542,0.0,0.0,0.0,8.430816040314216e-05,3.938731977355357e-05
A,43,8,fixed::qwen30_fast,821,288.2609714179081,0.0,0.0,0.0,8.502801050444505e-05,3.324726232907187e-05
A,43,8,fixed::qwen30_judge,821,658.5229990984941,0.0,0.0,0.0,8.47174219410508e-05,2.917417948418972e-05
A,43,9,OURS,809,71.42594374602744,27.60900830358154,0.4739490407929158,0.0006191013582345508,0.00018185537454657193,0.0001013807291038362
A,43,9,OURS_legacy_hp,809,73.95976415399447,27.60900830358154,0.48558422373576093,0.00018056984144701577,0.0001835760261002371,3.595672126477227e-05
A,43,9,fixed::factcc,809,38.849111709657976,0.0,0.0,0.0,9.31532669015809e-05,3.662792610623891e-05
A,43,9,fixed::factkb,809,39.35538561426435,0.0,0.0,0.0,9.5131032270171e-05,3.704325827264557e-05
A,43,9,fixed::hhem,809,113.32737523714157,0.0,0.0,0.0,8.749690687350643e-05,3.567985713721353e-05
A,43,9,fixed::wecheck,809,272.8212800818612,0.0,0.0,0.0,8.654759676461609e-05,4.3274427946007664e-05
A,43,9,fixed::factcg,809,334.1195480435383,0.0,0.0,0.0,8.718047017054299e-05,4.026700215292139e-05
A,43,9,fixed::minicheck_dbta,809,390.1008682540829,0.0,0.0,0.0,8.822743460301157e-05,4.230531356188069e-05
A,43,9,fixed::minicheck_ft5,809,393.8833631928239,0.0,0.0,0.0,8.668478768853049e-05,3.858590518712666e-05
A,43,9,fixed::alignscore,809,619.6304695822191,0.0,0.0,0.0,8.718047017054299e-05,4.358962350910615e-05
A,43,9,fixed::lettuce_v2,809,65.92011873395762,0.0,0.0,0.0,8.72793656339862e-05,2.9885047057825423e-05
A,43,9,fixed::granite_guardian_3_1_2b,809,175.2119728886984,0.0,0.0,0.0,8.698269723119083e-05,4.143511262873121e-05
A,43,9,fixed::granite_guardian_3_2_3b_a800m,809,236.39100973788052,0.0,0.0,0.0,8.70618064069317e-05,3.904079194140375e-05
A,43,9,fixed::granite_guardian_3_2_8b_factuality,809,1016.1924673070525,0.0,0.0,0.0,8.917798585176688e-05,3.5105065479460175e-05
A,43,9,fixed::granite_guardian_4_1_3b_factuality_lora,809,447.11521062196283,0.0,0.0,0.0,8.235353333541689e-05,4.2185408658404435e-05
A,43,9,fixed::qwen30_fast,809,271.1191455546101,0.0,0.0,0.0,8.898021291241473e-05,3.2139676553974267e-05
A,43,9,fixed::qwen30_judge,809,643.2269792833275,0.0,0.0,0.0,8.820890744270847e-05,2.942891916368336e-05
A,7,0,OURS,907,78.66610234011968,28.878274293377807,0.44920043218580546,0.00016210143672057984,0.00017277286796139548,3.2511561705454645e-05
A,7,0,OURS_legacy_hp,907,76.26907052152637,28.878274293377807,0.4198994101537289,0.00016116538116361335,0.00016689967005200428,3.4981263984228834e-05
A,7,0,fixed::factcc,907,45.828200034145674,0.0,0.0,0.0,8.010583859894019e-05,3.305952875364609e-05
A,7,0,fixed::factkb,907,44.09925334924773,0.0,0.0,0.0,8.017750718254008e-05,3.215877001421257e-05
A,7,0,fixed::hhem,907,166.03034835806412,0.0,0.0,0.0,7.890738329163198e-05,3.533407171947888e-05
A,7,0,fixed::wecheck,907,392.62838924064016,0.0,0.0,0.0,7.820176782113189e-05,3.713340721326206e-05
A,7,0,fixed::factcg,907,462.9487462074877,0.0,0.0,0.0,7.860750473867343e-05,3.6958094338178966e-05
A,7,0,fixed::minicheck_dbta,907,465.2887063428296,0.0,0.0,0.0,8.300000115255635e-05,3.609372340882035e-05
A,7,0,fixed::minicheck_ft5,907,455.0638477719538,0.0,0.0,0.0,7.945315231073159e-05,3.875633883942021e-05
A,7,0,fixed::alignscore,907,668.487939419852,0.0,0.0,0.0,7.656120383021521e-05,3.7715547998428604e-05
A,7,0,fixed::lettuce_v2,907,74.15425689652118,0.0,0.0,0.0,8.509812420675616e-05,2.7783905965088155e-05
A,7,0,fixed::granite_guardian_3_1_2b,907,166.54367585515791,0.0,0.0,0.0,7.539690621587415e-05,4.067914901853692e-05
A,7,0,fixed::granite_guardian_3_2_3b_a800m,907,237.23132316820949,0.0,0.0,0.0,8.014222640901508e-05,3.7856671092528626e-05
A,7,0,fixed::granite_guardian_3_2_8b_factuality,907,978.364574162336,0.0,0.0,0.0,8.097133260885666e-05,2.935501544550472e-05
A,7,0,fixed::granite_guardian_4_1_3b_factuality_lora,907,437.0844363448772,0.0,0.0,0.0,7.913671634154848e-05,4.387211517657768e-05
A,7,0,fixed::qwen30_fast,907,262.28111574814943,0.0,0.0,0.0,7.751378471539032e-05,3.124145385855449e-05
A,7,0,fixed::qwen30_judge,907,640.0814510240397,0.0,0.0,0.0,7.855457555638193e-05,2.7148852041638082e-05
A,7,1,OURS,891,82.54057377685012,31.13892930546748,0.4770166520924306,0.00016197643747634758,0.00017021997496234848,3.390348000048454e-05
A,7,1,OURS_legacy_hp,891,82.84129698911194,31.13892930546748,0.4757588159467494,0.00016553309867858854,0.00017007520708739424,3.492706269757481e-05
A,7,1,fixed::factcc,891,51.98946800610776,0.0,0.0,0.0,7.70381495291754e-05,3.205386787970727e-05
A,7,1,fixed::factkb,891,48.27823658082733,0.0,0.0,0.0,7.68226635925614e-05,3.3328850836180546e-05
A,7,1,fixed::hhem,891,168.2518362807158,0.0,0.0,0.0,7.705500427273957e-05,3.2089798534592126e-05
A,7,1,fixed::wecheck,891,380.8124834201186,0.0,0.0,0.0,7.504489644943798e-05,3.918293444387506e-05
A,7,1,fixed::factcg,891,462.1382738398187,0.0,0.0,0.0,7.517058841307155e-05,3.801683770381876e-05
A,7,1,fixed::minicheck_dbta,891,466.37134657228466,0.0,0.0,0.0,7.457801025344099e-05,3.435354411714908e-05
A,7,1,fixed::minicheck_ft5,891,475.24704953763916,0.0,0.0,0.0,7.66430919787164e-05,3.787205349674864e-05
A,7,1,fixed::alignscore,891,757.8247873663017,0.0,0.0,0.0,8.396969548417162e-05,3.8411895254277756e-05
A,7,1,fixed::lettuce_v2,891,78.1896902297521,0.0,0.0,0.0,7.524241705860955e-05,2.4942750310866053e-05
A,7,1,fixed::granite_guardian_3_1_2b,891,178.49078698952104,0.0,0.0,0.0,7.741527441642367e-05,3.844669899316849e-05
A,7,1,fixed::granite_guardian_3_2_3b_a800m,891,247.6793266463396,0.0,0.0,0.0,7.570819267072829e-05,3.645342958131523e-05
A,7,1,fixed::granite_guardian_3_2_8b_factuality,891,1011.6277681532322,0.0,0.0,0.0,7.531311878815343e-05,2.9521883626319007e-05
A,7,1,fixed::granite_guardian_4_1_3b_factuality_lora,891,453.27439351292435,0.0,0.0,0.0,7.470371854919041e-05,3.358025109556354e-05
A,7,1,fixed::qwen30_fast,891,272.5036413582002,0.0,0.0,0.0,7.739730908898125e-05,3.356230210023697e-05
A,7,1,fixed::qwen30_judge,891,636.854150459019,0.0,0.0,0.0,7.67508349470234e-05,2.7025813695699747e-05
A,7,2,OURS,889,72.21579916637205,29.001388172835767,0.479569379089681,0.00016624747979254603,0.00016747018441775786,3.394375817642806e-05
A,7,2,OURS_legacy_hp,889,70.0308611890245,29.001388172835767,0.47806784701735283,0.00016685939683077104,0.00016975702853565375,3.349381099330393e-05
A,7,2,fixed::factcc,889,40.07803866674697,0.0,0.0,0.0,8.235883132184785e-05,3.7615293143495194e-05
A,7,2,fixed::factkb,889,40.124229146838104,0.0,0.0,0.0,8.480651584360644e-05,3.560067951172188e-05
A,7,2,fixed::hhem,889,135.03094854245683,0.0,0.0,0.0,7.980314507154398e-05,3.313385979434804e-05
A,7,2,fixed::wecheck,889,324.40678070631157,0.0,0.0,0.0,8.255679629684433e-05,3.984813639711844e-05
A,7,2,fixed::factcg,889,352.34603530356605,0.0,0.0,0.0,8.138694671580842e-05,3.8714281935978126e-05
A,7,2,fixed::minicheck_dbta,889,433.2257384106376,0.0,0.0,0.0,8.079188960186375e-05,3.700337610527018e-05
A,7,2,fixed::minicheck_ft5,889,403.9802455937954,0.0,0.0,0.0,8.302474922434551e-05,3.7921259847036966e-05
A,7,2,fixed::alignscore,889,640.3142504590285,0.0,0.0,0.0,8.354668664726082e-05,3.839032585691782e-05
A,7,2,fixed::lettuce_v2,889,66.41366332157199,0.0,0.0,0.0,7.919122803331896e-05,2.611587539051227e-05
A,7,2,fixed::granite_guardian_3_1_2b,889,170.01711907088117,0.0,0.0,0.0,7.865015541478841e-05,3.696738098537459e-05
A,7,2,fixed::granite_guardian_3_2_3b_a800m,889,238.55027481076792,0.0,0.0,0.0,8.01271175194628e-05,3.9091109428072874e-05
A,7,2,fixed::granite_guardian_3_2_8b_factuality,889,991.7576659556373,0.0,0.0,0.0,8.048705234956017e-05,2.9805399733097937e-05
A,7,2,fixed::granite_guardian_4_1_3b_factuality_lora,889,439.8868712063625,0.0,0.0,0.0,8.160291743518196e-05,3.460967607892572e-05
A,7,2,fixed::qwen30_fast,889,263.0737160669503,0.0,0.0,0.0,8.226885170653815e-05,3.394375817642806e-05
A,7,2,fixed::qwen30_judge,889,651.8537553070289,0.0,0.0,0.0,8.19808743785149e-05,2.730258489582851e-05
A,7,3,OURS,872,73.64134418584808,33.287125334327605,0.4407441273033661,0.0001678910531496646,0.00018190940371565009,3.370757582127501e-05
A,7,3,OURS_legacy_hp,872,75.27091082531548,33.287125334327605,0.49283284061615584,0.0006092362403025885,0.0001718360239665511,9.245984883735452e-05
A,7,3,fixed::factcc,872,42.89171911763116,0.0,0.0,0.0,8.561582611062042e-05,3.5963306249409846e-05
A,7,3,fixed::factkb,872,42.998631138097146,0.0,0.0,0.0,8.440481305523955e-05,3.4293574104811825e-05
A,7,3,fixed::hhem,872,138.18310638850286,0.0,0.0,0.0,8.27350975986177e-05,3.3174311542464845e-05
A,7,3,fixed::wecheck,872,326.7899638250053,0.0,0.0,0.0,8.179931933436235e-05,3.877179251253229e-05
A,7,3,fixed::factcg,872,397.63272133268816,0.0,0.0,0.0,8.411010339591277e-05,4.045871327259501e-05
A,7,3,fixed::minicheck_dbta,872,500.6316046637281,0.0,0.0,0.0,8.134058355716904e-05,4.086239541637276e-05
A,7,3,fixed::minicheck_ft5,872,448.8690758752196,0.0,0.0,0.0,8.211123429713002e-05,3.649540236988746e-05
A,7,3,fixed::alignscore,872,680.1584586232779,0.0,0.0,0.0,8.2036689107537e-05,4.023968358524144e-05
A,7,3,fixed::lettuce_v2,872,72.56583297687129,0.0,0.0,0.0,8.242316594787386e-05,2.5963303531571332e-05
A,7,3,fixed::granite_guardian_3_1_2b,872,178.05464077687373,0.0,0.0,0.0,8.165138042553268e-05,3.934058549262822e-05
A,7,3,fixed::granite_guardian_3_2_3b_a800m,872,246.95691492257922,0.0,0.0,0.0,8.113875917325633e-05,3.801949854636855e-05
A,7,3,fixed::granite_guardian_3_2_8b_factuality,872,998.2603121841731,0.0,0.0,0.0,8.17809625605651e-05,2.882569195775298e-05
A,7,3,fixed::granite_guardian_4_1_3b_factuality_lora,872,446.92579204124615,0.0,0.0,0.0,8.2881885037091e-05,3.787271110789526e-05
A,7,3,fixed::qwen30_fast,872,274.44472055790897,0.0,0.0,0.0,8.1872713053599e-05,3.201833543252337e-05
A,7,3,fixed::qwen30_judge,872,616.6360038141063,0.0,0.0,0.0,8.036697365091515e-05,2.7724769481227076e-05
A,7,4,OURS,856,71.55350215234478,48.03127808833362,0.5092607803715373,0.00017932828332985117,0.00017729205219183883,3.2730147331761564e-05
A,7,4,OURS_legacy_hp,856,73.00813602226205,48.03127808833362,0.5079753270968969,0.00017306774680037051,0.00017288084988913141,3.347662998315504e-05
A,7,4,fixed::factcc,856,47.029699715868645,0.0,0.0,0.0,8.01693909762375e-05,3.514018929215305e-05
A,7,4,fixed::factkb,856,47.32322344464924,0.0,0.0,0.0,8.471028552342764e-05,3.592522771894131e-05
A,7,4,fixed::hhem,856,169.55118610624416,0.0,0.0,0.0,8.396261287896642e-05,3.177568789192902e-05
A,7,4,fixed::wecheck,856,392.0200434206712,0.0,0.0,0.0,8.091704662079774e-05,4.076751351038812e-05
A,7,4,fixed::factcg,856,562.278248158725,0.0,0.0,0.0,7.973832448739907e-05,3.5046723836632535e-05
A,7,4,fixed::minicheck_dbta,856,560.8102132280811,0.0,0.0,0.0,8.080489827411371e-05,3.6262862752061164e-05
A,7,4,fixed::minicheck_ft5,856,498.0356346281484,0.0,0.0,0.0,8.04871531251261e-05,3.9889026627980315e-05
A,7,4,fixed::alignscore,856,744.7479210439218,0.0,0.0,0.0,7.921612152947269e-05,4.00747675459536e-05
A,7,4,fixed::lettuce_v2,856,80.97558204248786,0.0,0.0,0.0,7.992639439180493e-05,2.682244374686591e-05
A,7,4,fixed::granite_guardian_3_1_2b,856,180.45434308272056,0.0,0.0,0.0,7.977688026279385e-05,3.981307107045655e-05
A,7,4,fixed::granite_guardian_3_2_3b_a800m,856,248.70089861398012,0.0,0.0,0.0,8.216939532528762e-05,3.730840766127874e-05
A,7,4,fixed::granite_guardian_3_2_8b_factuality,856,1004.6858179757862,0.0,0.0,0.0,8.235630923642768e-05,2.998131434498442e-05
A,7,4,fixed::granite_guardian_4_1_3b_factuality_lora,856,448.7828222589206,0.0,0.0,0.0,8.106542175644399e-05,3.446728221214786e-05
A,7,4,fixed::qwen30_fast,856,275.6556767006633,0.0,0.0,0.0,8.153387102751043e-05,3.31974406095622e-05
A,7,4,fixed::qwen30_judge,856,638.4700924803684,0.0,0.0,0.0,8.11226604230023e-05,2.7943927213706286e-05
A,7,5,OURS,844,58.66316909762072,18.875852836339686,0.47859454976330773,0.00017321444700264606,0.0001767215620223168,4.12511796264587e-05
A,7,5,OURS_legacy_hp,844,57.26586389920197,18.875852836339686,0.5225415936012154,0.00017217179537989128,0.00017780212793605163,3.222868183596828e-05
A,7,5,fixed::factcc,844,30.987013882320976,0.0,0.0,0.0,8.388625673609852e-05,3.004739457141096e-05
A,7,5,fixed::factkb,844,31.532484342963976,0.0,0.0,0.0,8.16303305603758e-05,2.7658776998060858e-05
A,7,5,fixed::hhem,844,135.27515719978385,0.0,0.0,0.0,8.168838304683777e-05,3.1582931976906636e-05
A,7,5,fixed::wecheck,844,259.81867983931744,0.0,0.0,0.0,8.250354892371214e-05,3.899644312153072e-05
A,7,5,fixed::factcg,844,253.68014354402501,0.0,0.0,0.0,8.908173875437423e-05,3.776303037308086e-05
A,7,5,fixed::minicheck_dbta,844,306.2240446946541,0.0,0.0,0.0,8.265520608763242e-05,3.4502366865583434e-05
A,7,5,fixed::minicheck_ft5,844,298.15242041706665,0.0,0.0,0.0,8.422867502571388e-05,3.330805807890838e-05
A,7,5,fixed::alignscore,844,481.6136028950659,0.0,0.0,0.0,8.447393686709245e-05,4.0701431028050554e-05
A,7,5,fixed::lettuce_v2,844,49.79246732383945,0.0,0.0,0.0,8.333768056687939e-05,2.7696674047435205e-05
A,7,5,fixed::granite_guardian_3_1_2b,844,149.65303562541814,0.0,0.0,0.0,8.072157724764887e-05,3.87689573756503e-05
A,7,5,fixed::granite_guardian_3_2_3b_a800m,844,222.58175645153656,0.0,0.0,0.0,7.918602260054746e-05,3.98672993848833e-05
A,7,5,fixed::granite_guardian_3_2_8b_factuality,844,937.9793597359494,0.0,0.0,0.0,8.563152103358217e-05,3.1148098680627716e-05
A,7,5,fixed::granite_guardian_4_1_3b_factuality_lora,844,412.57624918740754,0.0,0.0,0.0,8.058767893762103e-05,3.588624710715883e-05
A,7,5,fixed::qwen30_fast,844,234.78468632985124,0.0,0.0,0.0,8.293838221999106e-05,4.062558520448469e-05
A,7,5,fixed::qwen30_judge,844,594.3203934512329,0.0,0.0,0.0,8.0645731424083e-05,2.9194314403556533e-05
A,7,6,OURS,819,80.31733971612496,29.607922985856405,0.5027731648212475,0.00017781806094810748,0.0001785811925220493,3.301587921791279e-05
A,7,6,OURS_legacy_hp,819,83.09412812229198,29.607922985856405,0.528958808283591,0.00017733090049422304,0.00018832843491445967,3.381685643219213e-05
A,7,6,fixed::factcc,819,47.26865130753975,0.0,0.0,0.0,8.480706944679603e-05,3.577045549357694e-05
A,7,6,fixed::factkb,819,46.69982665757136,0.0,0.0,0.0,8.597923599078942e-05,3.590719730016731e-05
A,7,6,fixed::hhem,819,146.12100484709327,0.0,0.0,0.0,8.644809550122428e-05,3.387545498704335e-05
A,7,6,fixed::wecheck,819,329.3672273572596,0.0,0.0,0.0,8.519778570549173e-05,3.928814557527666e-05
A,7,6,fixed::factcg,819,422.3294503771773,0.0,0.0,0.0,9.242614309879995e-05,4.252991784063779e-05
A,7,6,fixed::minicheck_dbta,819,485.33912810026635,0.0,0.0,0.0,8.701464296028619e-05,3.9443223861129146e-05
A,7,6,fixed::minicheck_ft5,819,481.8067060756783,0.0,0.0,0.0,8.724907271550361e-05,3.9952380982965634e-05
A,7,6,fixed::alignscore,819,686.7212420200457,0.0,0.0,0.0,8.699511603130454e-05,4.1357751296644394e-05
A,7,6,fixed::lettuce_v2,819,77.78840112419297,0.0,0.0,0.0,8.633089839152181e-05,2.809280105462805e-05
A,7,6,fixed::granite_guardian_3_1_2b,819,188.867500464107,0.0,0.0,0.0,8.353602450445604e-05,4.206104056229667e-05
A,7,6,fixed::granite_guardian_3_2_3b_a800m,819,251.14203853400053,0.0,0.0,0.0,8.357630434795141e-05,3.9794868493955286e-05
A,7,6,fixed::granite_guardian_3_2_8b_factuality,819,1052.2522435035876,0.0,0.0,0.0,8.662392670159048e-05,2.9520150268352586e-05
A,7,6,fixed::granite_guardian_4_1_3b_factuality_lora,819,464.105614874535,0.0,0.0,0.0,8.558851973209371e-05,3.9190475394555863e-05
A,7,6,fixed::qwen30_fast,819,287.69222305164675,0.0,0.0,0.0,8.463125601433608e-05,4.047983904825171e-05
A,7,6,fixed::qwen30_judge,819,642.7756504612544,0.0,0.0,0.0,8.504151696991971e-05,2.908913639825524e-05
A,7,7,OURS,810,93.73420116751754,45.110430494655084,0.47645214937891767,0.0006243222383034909,0.0001814148107106671,9.408517435974912e-05
A,7,7,OURS_legacy_hp,810,78.97227635875885,45.110430494655084,0.563532991347731,0.00017852963301939544,0.0001852074170910558,3.14876497550695e-05
A,7,7,fixed::factcc,810,52.039128787855816,0.0,0.0,0.0,8.766418667855087e-05,2.939382677230938e-05
A,7,7,fixed::factkb,810,52.86596609307539,0.0,0.0,0.0,8.79012391741537e-05,3.3856773415557397e-05
A,7,7,fixed::hhem,810,176.407600866658,0.0,0.0,0.0,8.50382666276009e-05,3.332347267042891e-05
A,7,7,fixed::wecheck,810,380.3640560054775,0.0,0.0,0.0,8.740864786100977e-05,3.798516973117251e-05
A,7,7,fixed::factcg,810,502.5463656952064,0.0,0.0,0.0,8.412839465395168e-05,3.830123373686715e-05
A,7,7,fixed::minicheck_dbta,810,569.6062019377599,0.0,0.0,0.0,9.058888809019585e-05,3.820247833191613e-05
A,7,7,fixed::minicheck_ft5,810,544.2529556511062,0.0,0.0,0.0,8.592715509879736e-05,4.264692068789844e-05
A,7,7,fixed::alignscore,810,770.6926422537143,0.0,0.0,0.0,8.456419756705011e-05,4.019876755199131e-05
A,7,7,fixed::lettuce_v2,810,88.13801083000905,0.0,0.0,0.0,8.462344721695523e-05,2.9471616640135095e-05
A,7,7,fixed::granite_guardian_3_1_2b,810,197.0477904340419,0.0,0.0,0.0,8.262715799688006e-05,4.2212357382393544e-05
A,7,7,fixed::granite_guardian_3_2_3b_a800m,810,257.0710237717894,0.0,0.0,0.0,8.213458464906356e-05,3.51802431575862e-05
A,7,7,fixed::granite_guardian_3_2_8b_factuality,810,1072.8808649389123,0.0,0.0,0.0,8.752714716082002e-05,3.0282715243505843e-05
A,7,7,fixed::granite_guardian_4_1_3b_factuality_lora,810,475.04076769957777,0.0,0.0,0.0,8.414937815640443e-05,3.614814313887446e-05
A,7,7,fixed::qwen30_fast,810,302.21386141176794,0.0,0.0,0.0,9.222716426499831e-05,3.3461733830425845e-05
A,7,7,fixed::qwen30_judge,810,684.6728067186137,0.0,0.0,0.0,8.800123418669826e-05,2.8977767754070185e-05
A,7,8,OURS,815,73.49606764572816,36.3004263769871,0.41653572391015853,0.0001777680890714647,0.00018240122247395888,3.317792034290868e-05
A,7,8,OURS_legacy_hp,815,73.3909490752531,36.3004263769871,0.5537195680762979,0.0001822834323086073,0.00018118528943463156,3.4200000445261325e-05
A,7,8,fixed::factcc,815,44.037236197583056,0.0,0.0,0.0,8.506626476379443e-05,4.16601156713041e-05
A,7,8,fixed::factkb,815,43.25510744727502,0.0,0.0,0.0,8.577177375326493e-05,3.680982841235911e-05
A,7,8,fixed::hhem,815,132.11257896968877,0.0,0.0,0.0,8.365274706935407e-05,3.765521433912903e-05
A,7,8,fixed::wecheck,815,489.8972860737804,0.0,0.0,0.0,8.55754568110123e-05,4.002944412041296e-05
A,7,8,fixed::factcg,815,459.98968669746154,0.0,0.0,0.0,8.384908186671741e-05,3.8262591640139286e-05
A,7,8,fixed::minicheck_dbta,815,466.11834382670474,0.0,0.0,0.0,8.524294108426644e-05,3.975583240389824e-05
A,7,8,fixed::minicheck_ft5,815,407.02005712428996,0.0,0.0,0.0,8.496809736511276e-05,4.0422095860028926e-05
A,7,8,fixed::alignscore,815,665.888553587977,0.0,0.0,0.0,8.687116648499037e-05,3.7300629695546044e-05
A,7,8,fixed::lettuce_v2,815,66.64551763161103,0.0,0.0,0.0,8.494845674333213e-05,2.766256592025055e-05
A,7,8,fixed::granite_guardian_3_1_2b,815,173.73082986004377,0.0,0.0,0.0,8.622331164800133e-05,3.7869939900523316e-05
A,7,8,fixed::granite_guardian_3_2_3b_a800m,815,238.73774487638784,0.0,0.0,0.0,8.526134970340809e-05,3.783067651207279e-05
A,7,8,fixed::granite_guardian_3_2_8b_factuality,815,1001.6339600303687,0.0,0.0,0.0,8.781471981044196e-05,3.178527527288791e-05
A,7,8,fixed::granite_guardian_4_1_3b_factuality_lora,815,441.3328955876298,0.0,0.0,0.0,8.418281174099152e-05,3.5474837494819804e-05
A,7,8,fixed::qwen30_fast,815,267.9219172898597,0.0,0.0,0.0,8.587115529947485e-05,3.467116110666763e-05
A,7,8,fixed::qwen30_judge,815,648.14305162058,0.0,0.0,0.0,8.596932269815653e-05,2.9370550100514492e-05
A,7,9,OURS,809,77.06343555903265,32.89875501098168,0.50344359083907,0.00017971940881403436,0.0001819159385744754,3.779481342971804e-05
A,7,9,OURS_legacy_hp,809,86.23121647620822,32.89875501098168,0.46630141904349676,0.00017558590941273863,0.00018593077421215983,3.840914168780755e-05
A,7,9,fixed::factcc,809,46.66138870988533,0.0,0.0,0.0,8.627071464952307e-05,3.743882213888416e-05
A,7,9,fixed::factkb,809,47.99009380611442,0.0,0.0,0.0,8.456983139602598e-05,3.421630141093903e-05
A,7,9,fixed::hhem,809,127.5160269044689,0.0,0.0,0.0,8.270950663871649e-05,3.678616244525491e-05
A,7,9,fixed::wecheck,809,318.602480447439,0.0,0.0,0.0,8.362052128713564e-05,4.0939430146718716e-05
A,7,9,fixed::factcg,809,426.12490085070453,0.0,0.0,0.0,8.735847480972706e-05,4.232508186204877e-05
A,7,9,fixed::minicheck_dbta,809,485.14922153184824,0.0,0.0,0.0,8.595425995902535e-05,3.6726821569682125e-05
A,7,9,fixed::minicheck_ft5,809,503.2385138221913,0.0,0.0,0.0,8.389618024989797e-05,4.0306538753257545e-05
A,7,9,fixed::alignscore,809,677.2267112575834,0.0,0.0,0.0,8.575524587980822e-05,4.3927069652102636e-05
A,7,9,fixed::lettuce_v2,809,82.96789953213016,0.0,0.0,0.0,8.57156912919378e-05,2.7332508019016244e-05
A,7,9,fixed::granite_guardian_3_1_2b,809,193.2953257069158,0.0,0.0,0.0,8.56378232560619e-05,4.333250969418121e-05
A,7,9,fixed::granite_guardian_3_2_3b_a800m,809,251.83609912319602,0.0,0.0,0.0,8.464895855930113e-05,3.739924956347945e-05
A,7,9,fixed::granite_guardian_3_2_8b_factuality,809,1073.7435931451525,0.0,0.0,0.0,9.077997364182077e-05,3.1032130106067925e-05
A,7,9,fixed::granite_guardian_4_1_3b_factuality_lora,809,472.47898300732794,0.0,0.0,0.0,8.427318098076489e-05,3.882325070188352e-05
A,7,9,fixed::qwen30_fast,809,296.60157040111943,0.0,0.0,0.0,8.484673149865328e-05,3.5027197443584284e-05
A,7,9,fixed::qwen30_judge,809,677.8923792246,0.0,0.0,0.0,8.239431107561801e-05,2.948950117912111e-05
A,11,0,OURS,909,75.67340824960519,24.950174347921944,0.44575158964288786,0.0005813388318352082,0.0001670429077075243,8.68129802148531e-05
A,11,0,OURS_legacy_hp,909,74.52861936799428,24.950174347921944,0.4808074169473598,0.000499490648123863,0.00016237732995817863,8.911881042589055e-05
A,11,0,fixed::factcc,909,38.940213985981394,0.0,0.0,0.0,7.598789212087987e-05,2.678988383093191e-05
A,11,0,fixed::factkb,909,39.727750947974044,0.0,0.0,0.0,7.852256680737333e-05,3.427172943384144e-05
A,11,0,fixed::hhem,909,120.69437301925043,0.0,0.0,0.0,7.693839312722647e-05,3.0380636950538825e-05
A,11,0,fixed::wecheck,909,287.9137347928249,0.0,0.0,0.0,7.515952154498125e-05,3.777337808682449e-05
A,11,0,fixed::factcg,909,355.5889857811387,0.0,0.0,0.0,7.487898495261392e-05,3.868865993640276e-05
A,11,0,fixed::minicheck_dbta,909,434.0037787722463,0.0,0.0,0.0,7.743014860795801e-05,3.671726763629579e-05
A,11,0,fixed::minicheck_ft5,909,428.32525210549574,0.0,0.0,0.0,7.732562775589419e-05,3.731684176286127e-05
A,11,0,fixed::alignscore,909,620.7157171946913,0.0,0.0,0.0,7.769526881488538e-05,3.7052794139344566e-05
A,11,0,fixed::lettuce_v2,909,66.59777958224102,0.0,0.0,0.0,7.713091384508823e-05,2.6983493140911965e-05
A,11,0,fixed::granite_guardian_3_1_2b,909,174.4142669726653,0.0,0.0,0.0,7.449173431523857e-05,3.523982400986457e-05
A,11,0,fixed::granite_guardian_3_2_3b_a800m,909,241.57105478653028,0.0,0.0,0.0,7.769526881488538e-05,3.523982400986457e-05
A,11,0,fixed::granite_guardian_3_2_8b_factuality,909,1006.7450817621506,0.0,0.0,0.0,7.626953331407312e-05,2.876127613103888e-05
A,11,0,fixed::granite_guardian_4_1_3b_factuality_lora,909,447.66420234433104,0.0,0.0,0.0,8.124973019431329e-05,3.3672171315983574e-05
A,11,0,fixed::qwen30_fast,909,269.55854898721174,0.0,0.0,0.0,7.697361228399478e-05,3.1613867742196955e-05
A,11,0,fixed::qwen30_judge,909,632.2421961355064,0.0,0.0,0.0,7.545984489996933e-05,2.6474160099211504e-05
A,11,1,OURS,887,59.78549519237346,24.896352935017777,0.4598403224277151,0.00017933822982433214,0.00016626043837378903,3.2324692640734967e-05
A,11,1,OURS_legacy_hp,887,61.8905339000829,24.896352935017777,0.4901726798218987,0.0005359244635255153,0.0001671454310627169,0.00013447688995380682
A,11,1,fixed::factcc,887,35.228264353926036,0.0,0.0,0.0,7.922546620446067e-05,2.788726081326184e-05
A,11,1,fixed::factkb,887,35.36227184194644,0.0,0.0,0.0,7.935175779795331e-05,3.613189693326141e-05
A,11,1,fixed::hhem,887,105.47606399438472,0.0,0.0,0.0,7.844983435759852e-05,3.2288616359351456e-05
A,11,1,fixed::wecheck,887,254.14209438572146,0.0,0.0,0.0,7.893574036124426e-05,3.8278460284230945e-05
A,11,1,fixed::factcg,887,298.08432312115025,0.0,0.0,0.0,7.675423272680638e-05,3.705073471927623e-05
A,11,1,fixed::minicheck_dbta,887,346.11763482429865,0.0,0.0,0.0,7.819730038791391e-05,3.77553624070534e-05
A,11,1,fixed::minicheck_ft5,887,324.60585649019885,0.0,0.0,0.0,8.193123652552504e-05,3.6240125777411956e-05
A,11,1,fixed::alignscore,887,547.2935384303214,0.0,0.0,0.0,8.005523708204843e-05,3.739346759530307e-05
A,11,1,fixed::lettuce_v2,887,56.228584058166994,0.0,0.0,0.0,7.707891925925803e-05,2.606538399474395e-05
A,11,1,fixed::granite_guardian_3_1_2b,887,163.28197662979642,0.0,0.0,0.0,7.92784732372711e-05,4.015332772979238e-05
A,11,1,fixed::granite_guardian_3_2_3b_a800m,887,233.56532963793256,0.0,0.0,0.0,7.967642792463807e-05,3.820519212931563e-05
A,11,1,fixed::granite_guardian_3_2_8b_factuality,887,965.8927927016484,0.0,0.0,0.0,7.904396920539481e-05,3.0250281852532467e-05
A,11,1,fixed::granite_guardian_4_1_3b_factuality_lora,887,427.91403257204695,0.0,0.0,0.0,7.659188125769712e-05,3.549943821401815e-05
A,11,1,fixed::qwen30_fast,887,252.77049010775704,0.0,0.0,0.0,8.124578717923823e-05,3.169448151155517e-05
A,11,1,fixed::qwen30_judge,887,628.79420664433,0.0,0.0,0.0,8.066855027133508e-05,2.7797078312686493e-05
A,11,2,OURS,880,80.46293239372476,33.69356214112816,0.4519397170621563,0.00016823750312059101,0.00016967385983496735,5.111022884110835e-05
A,11,2,OURS_legacy_hp,880,81.65672422139984,33.69356214112816,0.4124183704665153,0.00017034660479773513,0.00017354772849516436,3.650908514497463e-05
A,11,2,fixed::factcc,880,53.06505413166385,0.0,0.0,0.0,8.192840720188211e-05,3.087271497034553e-05
A,11,2,fixed::factkb,880,47.43415681646597,0.0,0.0,0.0,8.347385367166929e-05,3.291023114632646e-05
A,11,2,fixed::hhem,880,195.95994702275758,0.0,0.0,0.0,8.049205048750578e-05,3.4964779677631505e-05
A,11,2,fixed::wecheck,880,409.9749409532458,0.0,0.0,0.0,7.994658517418429e-05,4.007273343053054e-05
A,11,2,fixed::factcg,880,469.191964070441,0.0,0.0,0.0,8.158182357543741e-05,4.0909088222013615e-05
A,11,2,fixed::minicheck_dbta,880,456.9164079733045,0.0,0.0,0.0,8.12545377729376e-05,3.829090101961893e-05
A,11,2,fixed::minicheck_ft5,880,425.8443370383413,0.0,0.0,0.0,8.08556830055419e-05,3.789204625222324e-05
A,11,2,fixed::alignscore,880,761.7078071672123,0.0,0.0,0.0,8.18556806982749e-05,3.976476198824292e-05
A,11,2,fixed::lettuce_v2,880,69.42595538183178,0.0,0.0,0.0,8.192726619943807e-05,2.6290895634288475e-05
A,11,2,fixed::granite_guardian_3_1_2b,880,162.10329685765663,0.0,0.0,0.0,8.192728273570538e-05,3.9563647905279964e-05
A,11,2,fixed::granite_guardian_3_2_3b_a800m,880,232.57714503240342,0.0,0.0,0.0,8.285453738856383e-05,3.7401134084740825e-05
A,11,2,fixed::granite_guardian_3_2_8b_factuality,880,961.5197226532142,0.0,0.0,0.0,8.232840297172184e-05,2.894546262475408e-05
A,11,2,fixed::granite_guardian_4_1_3b_factuality_lora,880,427.9740803487419,0.0,0.0,0.0,8.105568915859543e-05,3.6672728046224535e-05
A,11,2,fixed::qwen30_fast,880,249.41065239704173,0.0,0.0,0.0,8.37818251139569e-05,3.323635941011492e-05
A,11,2,fixed::qwen30_judge,880,636.4845231464146,0.0,0.0,0.0,8.141932167663154e-05,2.7399999618699606e-05
A,11,3,OURS,876,67.15368787343024,34.091801589683655,0.4404887283134772,0.0001660285485147171,0.00017530707226211383,3.2748869268359725e-05
A,11,3,OURS_legacy_hp,876,70.44022970256921,34.091801589683655,0.48692529223972003,0.0001671974859242944,0.00017594748942636497,3.353424078453179e-05
A,11,3,fixed::factcc,876,40.8842714625205,0.0,0.0,0.0,8.277739034051322e-05,4.1205475593759724e-05
A,11,3,fixed::factkb,876,41.72856252149176,0.0,0.0,0.0,8.135160166009002e-05,3.627397106177935e-05
A,11,3,fixed::hhem,876,104.7600427300993,0.0,0.0,0.0,8.252168528216819e-05,3.0885842048295145e-05
A,11,3,fixed::wecheck,876,275.17148217383146,0.0,0.0,0.0,8.116895518984357e-05,3.7224895531337144e-05
A,11,3,fixed::factcg,876,355.37707149870425,0.0,0.0,0.0,7.943493501734006e-05,4.263013467345744e-05
A,11,3,fixed::minicheck_dbta,876,406.84758220755015,0.0,0.0,0.0,7.981735469824443e-05,3.413698244223278e-05
A,11,3,fixed::minicheck_ft5,876,419.51167315172114,0.0,0.0,0.0,8.213813600053832e-05,3.8613008705210195e-05
A,11,3,fixed::alignscore,876,575.0267468335704,0.0,0.0,0.0,8.064041833274202e-05,3.709588848377608e-05
A,11,3,fixed::lettuce_v2,876,70.5549115724128,0.0,0.0,0.0,8.106051352019655e-05,2.5771691046068317e-05
A,11,3,fixed::granite_guardian_3_1_2b,876,182.52003196606037,0.0,0.0,0.0,7.970891302859742e-05,3.839383294091445e-05
A,11,3,fixed::granite_guardian_3_2_3b_a800m,876,248.34184115749255,0.0,0.0,0.0,7.994521553330463e-05,3.561642715711674e-05
A,11,3,fixed::granite_guardian_3_2_8b_factuality,876,1021.2056422349292,0.0,0.0,0.0,8.285046554038717e-05,2.90410877811429e-05
A,11,3,fixed::granite_guardian_4_1_3b_factuality_lora,876,454.1051913474803,0.0,0.0,0.0,7.92522885470936e-05,3.583674913391335e-05
A,11,3,fixed::qwen30_fast,876,281.909721322124,0.0,0.0,0.0,8.095090902627331e-05,3.329793827982458e-05
A,11,3,fixed::qwen30_judge,876,662.5923582571442,0.0,0.0,0.0,8.20468044595274e-05,2.7800237995967882e-05
A,11,4,OURS,855,90.30008295919251,31.0170369822197,0.4326302842073665,0.00017061286635849384,0.00017383040544408107,3.4226904546961795e-05
A,11,4,OURS_legacy_hp,855,86.87328735195585,31.0170369822197,0.5001929813106843,0.00017222222308383177,0.00017585262808709118,3.3927475488935296e-05
A,11,4,fixed::factcc,855,46.78141218970927,0.0,0.0,0.0,8.402456262568284e-05,4.0982448229054264e-05
A,11,4,fixed::factkb,855,47.692954305617945,0.0,0.0,0.0,8.557777108395832e-05,3.332865141245008e-05
A,11,4,fixed::hhem,855,218.2614917649713,0.0,0.0,0.0,8.258363368174834e-05,3.405965113064699e-05
A,11,4,fixed::wecheck,855,399.54772719293726,0.0,0.0,0.0,8.293917696726949e-05,3.967250354195896e-05
A,11,4,fixed::factcg,855,422.44312907626977,0.0,0.0,0.0,8.060001190860718e-05,3.982222658086416e-05
A,11,4,fixed::minicheck_dbta,855,518.1201658033622,0.0,0.0,0.0,8.275204444336786e-05,3.92982384941557e-05
A,11,4,fixed::minicheck_ft5,855,491.86024043483695,0.0,0.0,0.0,8.146082151855468e-05,3.847485538898853e-05
A,11,4,fixed::alignscore,855,730.6388638065706,0.0,0.0,0.0,8.301404699661404e-05,4.159999406782159e-05
A,11,4,fixed::lettuce_v2,855,78.69590695679177,0.0,0.0,0.0,8.415438953721732e-05,2.7433917340305117e-05
A,11,4,fixed::granite_guardian_3_1_2b,855,176.60668321942356,0.0,0.0,0.0,8.394969259633829e-05,4.1545020165847754e-05
A,11,4,fixed::granite_guardian_3_2_3b_a800m,855,247.54274109867265,0.0,0.0,0.0,8.96198846595852e-05,3.364794255827951e-05
A,11,4,fixed::granite_guardian_3_2_8b_factuality,855,1002.5925026506006,0.0,0.0,0.0,8.48479627506339e-05,2.9716968171472787e-05
A,11,4,fixed::granite_guardian_4_1_3b_factuality_lora,855,448.21228856586424,0.0,0.0,0.0,8.110526121324963e-05,3.628655369475222e-05
A,11,4,fixed::qwen30_fast,855,270.7715252843244,0.0,0.0,0.0,8.190876521082998e-05,4.2123982154530044e-05
A,11,4,fixed::qwen30_judge,855,625.3366624532753,0.0,0.0,0.0,8.866432591270633e-05,2.8219890960475856e-05
A,11,5,OURS,840,94.15673542559186,43.65584455403483,0.4411797380661092,0.00017339286083976427,0.00017512500649207228,3.297143502138733e-05
A,11,5,OURS_legacy_hp,840,93.92799121369968,43.65584455403483,0.4344359166723388,0.0001727071364820447,0.00017727856867991032,3.2990473777144436e-05
A,11,5,fixed::factcc,840,51.31136227064417,0.0,0.0,0.0,8.363810290272038e-05,3.045715857297182e-05
A,11,5,fixed::factkb,840,51.29360495997216,0.0,0.0,0.0,9.137261908368341e-05,3.754284989554435e-05
A,11,5,fixed::hhem,840,172.85901556329225,0.0,0.0,0.0,8.27630997047804e-05,3.4839294606908445e-05
A,11,5,fixed::wecheck,840,381.1017551767041,0.0,0.0,0.0,8.316310413647443e-05,4.1447613815156124e-05
A,11,5,fixed::factcg,840,560.8641409429852,0.0,0.0,0.0,8.588571550457605e-05,3.79618930829955e-05
A,11,5,fixed::minicheck_dbta,840,587.2109753396736,0.0,0.0,0.0,8.561905165801622e-05,3.748571630456441e-05
A,11,5,fixed::minicheck_ft5,840,501.11379570800983,0.0,0.0,0.0,8.419166468749089e-05,3.5219047623243005e-05
A,11,5,fixed::alignscore,840,790.7501408819891,0.0,0.0,0.0,8.52773761531959e-05,4.007619974713418e-05
A,11,5,fixed::lettuce_v2,840,83.79919049336985,0.0,0.0,0.0,9.257261505505691e-05,2.5752385789971976e-05
A,11,5,fixed::granite_guardian_3_1_2b,840,187.03877870378034,0.0,0.0,0.0,8.708690681184332e-05,3.988570824731141e-05
A,11,5,fixed::granite_guardian_3_2_3b_a800m,840,252.28454265795466,0.0,0.0,0.0,8.186786241518955e-05,3.540952179935717e-05
A,11,5,fixed::granite_guardian_3_2_8b_factuality,840,1036.2146842111888,0.0,0.0,0.0,8.123928897215851e-05,3.0247610993683338e-05
A,11,5,fixed::granite_guardian_4_1_3b_factuality_lora,840,460.9570614722283,0.0,0.0,0.0,8.451546212503065e-05,3.554284506078277e-05
A,11,5,fixed::qwen30_fast,840,287.4746310640018,0.0,0.0,0.0,8.340953389138339e-05,3.3638103299641185e-05
A,11,5,fixed::qwen30_judge,840,661.3646802537135,0.0,0.0,0.0,8.92202349080305e-05,2.7772624716384425e-05
A,11,6,OURS,813,92.03250302522481,39.58963636223852,0.4995469778621808,0.00017810822908421762,0.00019275031964951006,3.406642732837067e-05
A,11,6,OURS_legacy_hp,813,86.06914424234061,39.58963636223852,0.4730701918817133,0.0001772619985206669,0.00017889422939593134,3.5404684457373505e-05
A,11,6,fixed::factcc,813,50.82168128305066,0.0,0.0,0.0,8.629765424552072e-05,3.5817955270052174e-05
A,11,6,fixed::factkb,813,51.765220421791675,0.0,0.0,0.0,8.417343260287359e-05,3.5012301818214514e-05
A,11,6,fixed::hhem,813,170.54600482105639,0.0,0.0,0.0,8.539360979982041e-05,3.617343009961597e-05
A,11,6,fixed::wecheck,813,605.1507074769136,0.0,0.0,0.0,8.627920034072313e-05,4.613161176388114e-05
A,11,6,fixed::factcg,813,563.4893150377613,0.0,0.0,0.0,8.425091752418182e-05,4.1544894621390187e-05
A,11,6,fixed::minicheck_dbta,813,613.6623705643287,0.0,0.0,0.0,8.423248151841896e-05,3.617221296525493e-05
A,11,6,fixed::minicheck_ft5,813,586.4931159039334,0.0,0.0,0.0,8.419310364203222e-05,3.753137616681217e-05
A,11,6,fixed::alignscore,813,779.7022256359422,0.0,0.0,0.0,8.462606339290426e-05,4.020663749238735e-05
A,11,6,fixed::lettuce_v2,813,95.79244111402551,0.0,0.0,0.0,8.917220342368217e-05,2.8142688090272643e-05
A,11,6,fixed::granite_guardian_3_1_2b,813,197.53328032632243,0.0,0.0,0.0,8.374045495296683e-05,3.597539517946019e-05
A,11,6,fixed::granite_guardian_3_2_3b_a800m,813,258.43666593314646,0.0,0.0,0.0,8.318941527003878e-05,3.4028284485379705e-05
A,11,6,fixed::granite_guardian_3_2_8b_factuality,813,1067.8202305601963,0.0,0.0,0.0,8.407504160901094e-05,3.054488174214061e-05
A,11,6,fixed::granite_guardian_4_1_3b_factuality_lora,813,476.2862971445447,0.0,0.0,0.0,8.17712210519709e-05,3.569987533799616e-05
A,11,6,fixed::qwen30_fast,813,304.44413501660335,0.0,0.0,0.0,8.181179816368394e-05,3.373307570572232e-05
A,11,6,fixed::qwen30_judge,813,659.9184768049614,0.0,0.0,0.0,8.555104970922843e-05,2.859531888030332e-05
A,11,7,OURS,818,92.07657723206415,31.080192215979775,0.4464214144164724,0.00018028485187964656,0.00017969927071391042,3.472005141202205e-05
A,11,7,OURS_legacy_hp,818,88.02643373834447,31.080192215979775,0.5066737420612167,0.000596094123955388,0.00018830562561458948,8.813813977708589e-05
A,11,7,fixed::factcc,818,47.034182457690534,0.0,0.0,0.0,8.496943355166788e-05,3.4718823927730176e-05
A,11,7,fixed::factkb,818,46.870925489210805,0.0,0.0,0.0,8.264059342630662e-05,3.182397122679319e-05
A,11,7,fixed::hhem,818,163.89591164747765,0.0,0.0,0.0,8.129096555257157e-05,3.6733499232879986e-05
A,11,7,fixed::wecheck,818,391.63718132462554,0.0,0.0,0.0,8.444010318782918e-05,4.099754839771243e-05
A,11,7,fixed::factcg,818,431.7405959821467,0.0,0.0,0.0,8.592665782380476e-05,4.009780241176486e-05
A,11,7,fixed::minicheck_dbta,818,505.46641420691975,0.0,0.0,0.0,8.213202355766537e-05,4.080196923387298e-05
A,11,7,fixed::minicheck_ft5,818,492.7588377972569,0.0,0.0,0.0,8.940830138514233e-05,4.144743028549992e-05
A,11,7,fixed::alignscore,818,678.7161441680105,0.0,0.0,0.0,8.487164396974817e-05,4.0058683021071486e-05
A,11,7,fixed::lettuce_v2,818,81.73907996765293,0.0,0.0,0.0,8.393153331918792e-05,2.8108803226332427e-05
A,11,7,fixed::granite_guardian_3_1_2b,818,179.43650191378111,0.0,0.0,0.0,8.426526672955975e-05,4.125306081632494e-05
A,11,7,fixed::granite_guardian_3_2_3b_a800m,818,245.78845988107875,0.0,0.0,0.0,8.393153331918792e-05,3.303667233828774e-05
A,11,7,fixed::granite_guardian_3_2_8b_factuality,818,1020.5886037495815,0.0,0.0,0.0,8.334474245878733e-05,3.178485183609982e-05
A,11,7,fixed::granite_guardian_4_1_3b_factuality_lora,818,453.8926355799627,0.0,0.0,0.0,8.383495343193266e-05,3.5520780331758024e-05
A,11,7,fixed::qwen30_fast,818,278.05152886221526,0.0,0.0,0.0,8.393277859310722e-05,3.544376903466316e-05
A,11,7,fixed::qwen30_judge,818,632.7262998486782,0.0,0.0,0.0,8.488996728598926e-05,2.971148855009624e-05
A,11,8,OURS,823,78.06337650334586,35.02745370661434,0.4574019526018855,0.00017712879425224782,0.0001842053393513091,3.458687895286561e-05
A,11,8,OURS_legacy_hp,823,67.92884707886681,35.02745370661434,0.5015774483359356,0.00017535966681825723,0.00019139852963234066,3.1981767859097165e-05
A,11,8,fixed::factcc,823,40.60407233548821,0.0,0.0,0.0,8.39671854185504e-05,3.528553001777261e-05
A,11,8,fixed::factkb,823,37.89448606352919,0.0,0.0,0.0,8.41992557555763e-05,3.376914265215904e-05
A,11,8,fixed::hhem,823,119.09849624212306,0.0,0.0,0.0,9.203524108668326e-05,3.507290938518317e-05
A,11,8,fixed::wecheck,823,293.09360636246134,0.0,0.0,0.0,8.5637915029642e-05,4.010693493207525e-05
A,11,8,fixed::factcg,823,458.5786111124385,0.0,0.0,0.0,8.328674634961572e-05,4.368408920892932e-05
A,11,8,fixed::minicheck_dbta,823,402.1045677533969,0.0,0.0,0.0,8.287847937194501e-05,3.63159223141676e-05
A,11,8,fixed::minicheck_ft5,823,375.82512386472087,0.0,0.0,0.0,8.421872314156224e-05,3.905711061279329e-05
A,11,8,fixed::alignscore,823,622.0204965462175,0.0,0.0,0.0,8.330619605405218e-05,4.421020371393546e-05
A,11,8,fixed::lettuce_v2,823,60.84686045893915,0.0,0.0,0.0,8.142042343809133e-05,2.7159160599429363e-05
A,11,8,fixed::granite_guardian_3_1_2b,823,160.93439354060104,0.0,0.0,0.0,8.268408841687737e-05,4.2927089030712955e-05
A,11,8,fixed::granite_guardian_3_2_3b_a800m,823,230.73876455938557,0.0,0.0,0.0,8.307290569011163e-05,4.0301325887142886e-05
A,11,8,fixed::granite_guardian_3_2_8b_factuality,823,974.2985854607784,0.0,0.0,0.0,8.676548512202132e-05,3.0230870102628396e-05
A,11,8,fixed::granite_guardian_4_1_3b_factuality_lora,823,426.39773916120004,0.0,0.0,0.0,8.254679118510549e-05,3.728796549725322e-05
A,11,8,fixed::qwen30_fast,823,250.15811525127666,0.0,0.0,0.0,8.349940234530414e-05,3.3049821855900936e-05
A,11,8,fixed::qwen30_judge,823,621.7651180308375,0.0,0.0,0.0,8.379222648636974e-05,2.8578370169058607e-05
A,11,9,OURS,811,68.1981132140038,35.60381194065384,0.4956233822423379,0.0001920616498524748,0.00018036252007683058,3.630209412154743e-05
A,11,9,OURS_legacy_hp,811,71.50990827979162,35.60381194065384,0.4665403933579828,0.00017990875511479583,0.00018766090666023157,3.677435849739282e-05
A,11,9,fixed::factcc,811,44.84532234546327,0.0,0.0,0.0,8.858323186801336e-05,3.19013509293042e-05
A,11,9,fixed::factkb,811,45.862904860735405,0.0,0.0,0.0,8.755733081600118e-05,3.306534265899519e-05
A,11,9,fixed::hhem,811,127.87502608814653,0.0,0.0,0.0,8.68865610909925e-05,3.490012205687022e-05
A,11,9,fixed::wecheck,811,313.47406032010304,0.0,0.0,0.0,8.572256936130152e-05,4.216152775582528e-05
A,11,9,fixed::factcg,811,402.94489919460773,0.0,0.0,0.0,8.720223537534843e-05,3.941799829795534e-05
A,11,9,fixed::minicheck_dbta,811,480.18864476965007,0.0,0.0,0.0,8.952898075562958e-05,3.4702836843632375e-05
A,11,9,fixed::minicheck_ft5,811,479.4096740175288,0.0,0.0,0.0,9.24303383840898e-05,4.0384704814408475e-05
A,11,9,fixed::alignscore,811,680.0027416495643,0.0,0.0,0.0,8.812946690597862e-05,4.3955612031951935e-05
A,11,9,fixed::lettuce_v2,811,75.60227860640775,0.0,0.0,0.0,8.59987686598345e-05,2.8647338132042113e-05
A,11,9,fixed::granite_guardian_3_1_2b,811,191.96923270856882,0.0,0.0,0.0,8.298027798253239e-05,4.156967211611174e-05
A,11,9,fixed::granite_guardian_3_2_3b_a800m,811,249.8511739207461,0.0,0.0,0.0,8.41048126695758e-05,4.075955569114807e-05
A,11,9,fixed::granite_guardian_3_2_8b_factuality,811,1064.5140184108704,0.0,0.0,0.0,8.467571068045243e-05,3.154623754547608e-05
A,11,9,fixed::granite_guardian_4_1_3b_factuality_lora,811,467.9482206757497,0.0,0.0,0.0,8.408507517666432e-05,3.3836002041311286e-05
A,11,9,fixed::qwen30_fast,811,292.5026278008558,0.0,0.0,0.0,8.540567494102015e-05,3.377558736982681e-05
A,11,9,fixed::qwen30_judge,811,668.3236295308183,0.0,0.0,0.0,8.708384630423034e-05,2.8705294588500343e-05
A,23,0,OURS,910,79.02480474024613,34.70582430604986,0.46438535934142705,0.00016177802315943843,0.00016589120994987234,3.483076068153093e-05
A,23,0,OURS_legacy_hp,910,68.52517849033325,34.70582430604986,0.4981112219956141,0.00017575603323876038,0.00017238022877251382,3.572747848191104e-05
A,23,0,fixed::factcc,910,41.2869745381573,0.0,0.0,0.0,8.205824997276068e-05,3.759119503588958e-05
A,23,0,fixed::factkb,910,41.79517356979476,0.0,0.0,0.0,7.771538278845313e-05,3.629010989443286e-05
A,23,0,fixed::hhem,910,149.60029981454713,0.0,0.0,0.0,7.975385025409716e-05,3.2580219040328e-05
A,23,0,fixed::wecheck,910,349.86219793068153,0.0,0.0,0.0,8.154835725960496e-05,3.915605362975499e-05
A,23,0,fixed::factcg,910,455.1820527996924,0.0,0.0,0.0,7.829560442817408e-05,3.7573620799806094e-05
A,23,0,fixed::minicheck_dbta,910,511.35272380223006,0.0,0.0,0.0,7.66780231260582e-05,3.609780073779952e-05
A,23,0,fixed::minicheck_ft5,910,448.9743412475186,0.0,0.0,0.0,7.694066120925677e-05,3.687033153415381e-05
A,23,0,fixed::alignscore,910,652.4530037643023,0.0,0.0,0.0,7.775054725173574e-05,4.061538685154129e-05
A,23,0,fixed::lettuce_v2,910,70.60119104072717,0.0,0.0,0.0,7.685384544247127e-05,2.5863726597770557e-05
A,23,0,fixed::granite_guardian_3_1_2b,910,172.697250276598,0.0,0.0,0.0,7.704725798608346e-05,3.964834012459595e-05
A,23,0,fixed::granite_guardian_3_2_3b_a800m,910,241.90563738901312,0.0,0.0,0.0,7.901539652516226e-05,3.713516040019445e-05
A,23,0,fixed::granite_guardian_3_2_8b_factuality,910,991.684452942886,0.0,0.0,0.0,7.803186295799666e-05,2.8307680782585682e-05
A,23,0,fixed::granite_guardian_4_1_3b_factuality_lora,910,442.1857238593665,0.0,0.0,0.0,7.868241352428283e-05,3.5692298027512794e-05
A,23,0,fixed::qwen30_fast,910,267.359885283884,0.0,0.0,0.0,7.752088284897771e-05,3.3195605143331566e-05
A,23,0,fixed::qwen30_judge,910,665.0820462804884,0.0,0.0,0.0,7.873406482778571e-05,2.7745049370063857e-05
A,23,1,OURS,897,90.57159755526784,32.99753581513879,0.4255961360193897,0.0005791984447106769,0.000167956518387233,0.00010616834007552436
A,23,1,OURS_legacy_hp,897,78.65443865007045,32.99753581513879,0.4977458974440222,0.00017025752173198871,0.000170775907349834,3.100223081350459e-05
A,23,1,fixed::factcc,897,50.395192228215606,0.0,0.0,0.0,7.68784819577832e-05,3.310589915621141e-05
A,23,1,fixed::factkb,897,50.22652049919065,0.0,0.0,0.0,8.024972432096766e-05,3.223189198460799e-05
A,23,1,fixed::hhem,897,181.73834449987845,0.0,0.0,0.0,7.964436789204178e-05,3.201784742549643e-05
A,23,1,fixed::wecheck,897,383.8995280776821,0.0,0.0,0.0,7.975139017159756e-05,3.5246377193068915e-05
A,23,1,fixed::factcg,897,494.30795498764,0.0,0.0,0.0,7.871682524635408e-05,3.690524686048993e-05
A,23,1,fixed::minicheck_dbta,897,515.9189360893532,0.0,0.0,0.0,7.891192149221399e-05,3.499664231790115e-05
A,23,1,fixed::minicheck_ft5,897,453.345548833236,0.0,0.0,0.0,7.668228255669974e-05,3.4158309239483e-05
A,23,1,fixed::alignscore,897,745.0816121041009,0.0,0.0,0.0,7.887736677712321e-05,3.918840504721754e-05
A,23,1,fixed::lettuce_v2,897,77.99581727439978,0.0,0.0,0.0,7.693312058709104e-05,2.522296282600865e-05
A,23,1,fixed::granite_guardian_3_1_2b,897,179.5873215148257,0.0,0.0,0.0,7.497101301615986e-05,3.8225204531215505e-05
A,23,1,fixed::granite_guardian_3_2_3b_a800m,897,246.11522977866846,0.0,0.0,0.0,7.869899631119691e-05,3.565774053135843e-05
A,23,1,fixed::granite_guardian_3_2_8b_factuality,897,1014.2181029849828,0.0,0.0,0.0,7.737905486334227e-05,2.755853710872606e-05
A,23,1,fixed::granite_guardian_4_1_3b_factuality_lora,897,452.30990530644107,0.0,0.0,0.0,7.823523309978852e-05,3.6799343959028636e-05
A,23,1,fixed::qwen30_fast,897,276.69484012249785,0.0,0.0,0.0,7.985729307305885e-05,3.324861175182339e-05
A,23,1,fixed::qwen30_judge,897,640.036271745034,0.0,0.0,0.0,7.830658128615905e-05,2.69342161436776e-05
A,23,2,OURS,878,89.00482727630103,33.156441137872044,0.4678446970427099,0.00017332231001673874,0.0001678382599957559,3.0779040971206575e-05
A,23,2,OURS_legacy_hp,878,77.32051048440549,33.156441137872044,0.42374188950627933,0.00017124486666550363,0.00017204669708330904,3.209226016392231e-05
A,23,2,fixed::factcc,878,50.32315185129274,0.0,0.0,0.0,8.171412535329988e-05,3.557174242735927e-05
A,23,2,fixed::factkb,878,49.47333995372578,0.0,0.0,0.0,8.162300185680152e-05,3.354897648881026e-05
A,23,2,fixed::hhem,878,172.2981720449918,0.0,0.0,0.0,8.18234636047367e-05,3.3111623483062944e-05
A,23,2,fixed::wecheck,878,391.45476491403167,0.0,0.0,0.0,7.872551333282253e-05,3.741343812232069e-05
A,23,2,fixed::factcg,878,452.4876059075472,0.0,0.0,0.0,8.045671060087333e-05,3.94350770332666e-05
A,23,2,fixed::minicheck_dbta,878,559.3649802952838,0.0,0.0,0.0,8.763667198156849e-05,3.260136173575574e-05
A,23,2,fixed::minicheck_ft5,878,520.9275742342795,0.0,0.0,0.0,7.934511333156658e-05,3.9235758886869855e-05
A,23,2,fixed::alignscore,878,735.7360120373261,0.0,0.0,0.0,8.102048958539284e-05,4.218792482353492e-05
A,23,2,fixed::lettuce_v2,878,83.60525589515318,0.0,0.0,0.0,7.870729857788406e-05,2.6095677766490704e-05
A,23,2,fixed::granite_guardian_3_1_2b,878,181.4110001770486,0.0,0.0,0.0,7.765032899945737e-05,3.834283812043675e-05
A,23,2,fixed::granite_guardian_3_2_3b_a800m,878,249.09413676553274,0.0,0.0,0.0,7.857858539603498e-05,3.347608432118571e-05
A,23,2,fixed::granite_guardian_3_2_8b_factuality,878,1012.401944923697,0.0,0.0,0.0,7.788725340514017e-05,3.09624149918064e-05
A,23,2,fixed::granite_guardian_4_1_3b_factuality_lora,878,454.19600434663096,0.0,0.0,0.0,7.950911242175414e-05,4.3809800414084235e-05
A,23,2,fixed::qwen30_fast,878,280.5349371076261,0.0,0.0,0.0,7.990887574215073e-05,3.0505687055646832e-05
A,23,2,fixed::qwen30_judge,878,636.3943802938436,0.0,0.0,0.0,7.836103592076443e-05,2.6970383777985337e-05
A,23,3,OURS,874,97.00021766956914,36.30971792706787,0.4012928100656324,0.00016672082657731848,0.00017442791381727232,3.3409615634414166e-05
A,23,3,OURS_legacy_hp,874,91.82174989334398,36.30971792706787,0.5237881475963654,0.0006397871739599743,0.00017182836567480075,8.92642951246513e-05
A,23,3,fixed::factcc,874,49.91880575312436,0.0,0.0,0.0,8.406521548949676e-05,3.42517119919715e-05
A,23,3,fixed::factkb,874,50.6980046918946,0.0,0.0,0.0,8.067848199224035e-05,3.313615950659872e-05
A,23,3,fixed::hhem,874,138.3112488549338,0.0,0.0,0.0,7.928604352260243e-05,3.221968854340624e-05
A,23,3,fixed::wecheck,874,348.99855826911306,0.0,0.0,0.0,8.128261957125785e-05,4.161098514826333e-05
A,23,3,fixed::factcg,874,441.4971579176662,0.0,0.0,0.0,8.005491410993739e-05,3.754692160134423e-05
A,23,3,fixed::minicheck_dbta,874,531.4552527535677,0.0,0.0,0.0,7.71807776540262e-05,3.641188886332021e-05
A,23,3,fixed::minicheck_ft5,874,527.9181285610316,0.0,0.0,0.0,8.100799795824105e-05,3.61006876647694e-05
A,23,3,fixed::alignscore,874,711.9477333843834,0.0,0.0,0.0,7.961555948860313e-05,4.01464530940272e-05
A,23,3,fixed::lettuce_v2,874,83.81065564614096,0.0,0.0,0.0,7.925056282311541e-05,2.6965681255690634e-05
A,23,3,fixed::granite_guardian_3_1_2b,874,197.51682886624712,0.0,0.0,0.0,7.94141802955973e-05,3.8352405073790376e-05
A,23,3,fixed::granite_guardian_3_2_3b_a800m,874,261.70488278275235,0.0,0.0,0.0,8.27288368580441e-05,3.577117169876871e-05
A,23,3,fixed::granite_guardian_3_2_8b_factuality,874,1069.161464167391,0.0,0.0,0.0,7.848169223578045e-05,2.852173719781044e-05
A,23,3,fixed::granite_guardian_4_1_3b_factuality_lora,874,473.8893727512201,0.0,0.0,0.0,7.597368463098117e-05,3.881007446257453e-05
A,23,3,fixed::qwen30_fast,874,303.0125518516319,0.0,0.0,0.0,8.172197419259211e-05,3.2421051086623484e-05
A,23,3,fixed::qwen30_judge,874,665.8656366716365,0.0,0.0,0.0,7.979977274957184e-05,2.7423333994686195e-05
A,23,4,OURS,853,88.61654847128817,29.26218394770239,0.43784405275003424,0.00017720164012181348,0.00017575849273983402,3.3239150394719415e-05
A,23,4,OURS_legacy_hp,853,81.40395927897481,29.26218394770239,0.4683779906055694,0.00018271748132125888,0.00018232355602871702,3.391324696955375e-05
A,23,4,fixed::factcc,853,50.97385340258736,0.0,0.0,0.0,7.998242694229446e-05,3.4532223687292126e-05
A,23,4,fixed::factkb,853,46.86632031063191,0.0,0.0,0.0,7.95310787345607e-05,3.1343494746113436e-05
A,23,4,fixed::hhem,853,161.13550636190882,0.0,0.0,0.0,8.365884123005383e-05,3.471981203412814e-05
A,23,4,fixed::wecheck,853,353.01308557307914,0.0,0.0,0.0,7.979366147687608e-05,3.914654558985238e-05
A,23,4,fixed::factcg,853,389.99843610118165,0.0,0.0,0.0,7.954982733343054e-05,3.682062750985761e-05
A,23,4,fixed::minicheck_dbta,853,451.87489968902105,0.0,0.0,0.0,8.114536892260225e-05,4.1566240783575554e-05
A,23,4,fixed::minicheck_ft5,853,447.08012309397463,0.0,0.0,0.0,8.208324241802393e-05,3.929660261956951e-05
A,23,4,fixed::alignscore,853,715.2853089462936,0.0,0.0,0.0,8.04314038531739e-05,4.109730403586471e-05
A,23,4,fixed::lettuce_v2,853,78.12055329070782,0.0,0.0,0.0,7.953223879345346e-05,2.665416138838422e-05
A,23,4,fixed::granite_guardian_3_1_2b,853,178.7883074401623,0.0,0.0,0.0,8.551582256233777e-05,4.0235636173883955e-05
A,23,4,fixed::granite_guardian_3_2_3b_a800m,853,246.17397689048593,0.0,0.0,0.0,8.296481893776729e-05,3.488979478129748e-05
A,23,4,fixed::granite_guardian_3_2_8b_factuality,853,1003.1240390029415,0.0,0.0,0.0,8.213950527432305e-05,3.139977466210216e-05
A,23,4,fixed::granite_guardian_4_1_3b_factuality_lora,853,451.7476709688804,0.0,0.0,0.0,8.564713099318505e-05,3.997303637187898e-05
A,23,4,fixed::qwen30_fast,853,274.3072875917402,0.0,0.0,0.0,8.570341090917378e-05,3.1324729087553995e-05
A,23,4,fixed::qwen30_judge,853,645.6549908572225,0.0,0.0,0.0,8.146424864059596e-05,2.8324731492414494e-05
A,23,5,OURS,839,78.33884473602427,33.40721926641835,0.47455616207228346,0.0005801060647427308,0.00017468653246316353,9.36746154939567e-05
A,23,5,OURS_legacy_hp,839,78.27836101983216,33.40721926641835,0.48254880570879827,0.00017361858839122523,0.00017794756636720625,3.4574500709123846e-05
A,23,5,fixed::factcc,839,41.18963312612973,0.0,0.0,0.0,8.333848897008063e-05,3.21906923313089e-05
A,23,5,fixed::factkb,839,42.160779929301384,0.0,0.0,0.0,8.375804895741579e-05,3.4288440234914726e-05
A,23,5,fixed::hhem,839,138.17355370978632,0.0,0.0,0.0,8.190822128774831e-05,3.5909409118600906e-05
A,23,5,fixed::wecheck,839,483.801450205096,0.0,0.0,0.0,8.289988487914506e-05,3.918952181495735e-05
A,23,5,fixed::factcg,839,421.4456571363947,0.0,0.0,0.0,8.404409208726825e-05,3.665316982041596e-05
A,23,5,fixed::minicheck_dbta,839,441.26699584922966,0.0,0.0,0.0,8.865911319310176e-05,3.81978582235606e-05
A,23,5,fixed::minicheck_ft5,839,425.3108579648356,0.0,0.0,0.0,8.259476295697887e-05,3.823599846383137e-05
A,23,5,fixed::alignscore,839,649.7833156412985,0.0,0.0,0.0,8.46340777230348e-05,4.006674734118513e-05
A,23,5,fixed::lettuce_v2,839,70.60591090828262,0.0,0.0,0.0,8.103097841716389e-05,2.74994080892905e-05
A,23,5,fixed::granite_guardian_3_1_2b,839,176.5395756179569,0.0,0.0,0.0,8.162217815789584e-05,3.7663894859769776e-05
A,23,5,fixed::granite_guardian_3_2_3b_a800m,839,243.20704469976073,0.0,0.0,0.0,8.421573184066506e-05,3.93611442239975e-05
A,23,5,fixed::granite_guardian_3_2_8b_factuality,839,1009.7640430967474,0.0,0.0,0.0,8.284268319091723e-05,2.9921339363019572e-05
A,23,5,fixed::granite_guardian_4_1_3b_factuality_lora,839,450.2282329416721,0.0,0.0,0.0,8.238498296331131e-05,3.072228440870581e-05
A,23,5,fixed::qwen30_fast,839,270.89288522724837,0.0,0.0,0.0,8.453993255514496e-05,3.463170239735168e-05
A,23,5,fixed::qwen30_judge,839,635.868883461846,0.0,0.0,0.0,9.115732494737238e-05,2.866269408972741e-05
A,23,6,OURS,827,61.15589454560203,29.5830014291941,0.48253197218936184,0.00017660218397968483,0.00018068439211187367,3.389721725613527e-05
A,23,6,OURS_legacy_hp,827,79.06343254907267,29.5830014291941,0.48852563000784144,0.00017389359218411896,0.00017756952562379542,3.633373926541213e-05
A,23,6,fixed::factcc,827,36.10260067791977,0.0,0.0,0.0,8.522490157150048e-05,3.2522369197546136e-05
A,23,6,fixed::factkb,827,36.284463311122686,0.0,0.0,0.0,8.427568383632e-05,3.526965465887642e-05
A,23,6,fixed::hhem,827,124.31733952020154,0.0,0.0,0.0,8.596009881705261e-05,3.2929875612024675e-05
A,23,6,fixed::wecheck,827,276.8964986899288,0.0,0.0,0.0,8.350181052103152e-05,4.209914825239558e-05
A,23,6,fixed::factcg,827,320.3013839906866,0.0,0.0,0.0,8.464449658503412e-05,3.863725289837553e-05
A,23,6,fixed::minicheck_dbta,827,376.9762090139782,0.0,0.0,0.0,8.211003508342221e-05,3.256106286331056e-05
A,23,6,fixed::minicheck_ft5,827,362.31969115496054,0.0,0.0,0.0,8.21862258850411e-05,4.033857766210024e-05
A,23,6,fixed::alignscore,827,587.8940602825933,0.0,0.0,0.0,8.151027446605959e-05,4.161668275826427e-05
A,23,6,fixed::lettuce_v2,827,57.29925549240556,0.0,0.0,0.0,8.334703585797383e-05,2.5036262219913638e-05
A,23,6,fixed::granite_guardian_3_1_2b,827,162.76871560165657,0.0,0.0,0.0,8.152963009695584e-05,3.9525993085019246e-05
A,23,6,fixed::granite_guardian_3_2_3b_a800m,827,231.01931765417658,0.0,0.0,0.0,8.212815899235233e-05,3.4979443367629196e-05
A,23,6,fixed::granite_guardian_3_2_8b_factuality,827,982.6289105836213,0.0,0.0,0.0,8.516686987086789e-05,3.0027815487636693e-05
A,23,6,fixed::granite_guardian_4_1_3b_factuality_lora,827,427.64690131210284,0.0,0.0,0.0,8.367713734489542e-05,3.6043527974164904e-05
A,23,6,fixed::qwen30_fast,827,250.55382523726234,0.0,0.0,0.0,8.565054949093723e-05,3.3761798223973835e-05
A,23,6,fixed::qwen30_judge,827,601.1078970644318,0.0,0.0,0.0,8.421765213568741e-05,3.563723568562441e-05
A,23,7,OURS,820,72.76965889418867,28.37128542252197,0.4827477329299876,0.00018794391241787773,0.00018404025468043983,3.410731129938873e-05
A,23,7,OURS_legacy_hp,820,79.62991204180204,28.37128542252197,0.5290302914523282,0.00018704634318809685,0.00018413780575118413,3.555121621480439e-05
A,23,7,fixed::factcc,820,43.52858171109025,0.0,0.0,0.0,8.698657549713261e-05,3.7990241430745256e-05
A,23,7,fixed::factkb,820,40.54261842897309,0.0,0.0,0.0,8.636219185640717e-05,3.7697570472274246e-05
A,23,7,fixed::hhem,820,118.75443345020247,0.0,0.0,0.0,8.47231847995029e-05,3.500488052916963e-05
A,23,7,fixed::wecheck,820,306.56158105355246,0.0,0.0,0.0,8.376708847652304e-05,4.766950108360772e-05
A,23,7,fixed::factcg,820,346.13094274696425,0.0,0.0,0.0,8.456707114308345e-05,3.9689017817514336e-05
A,23,7,fixed::minicheck_dbta,820,419.7485410630712,0.0,0.0,0.0,8.319998969233072e-05,4.1248787921376346e-05
A,23,7,fixed::minicheck_ft5,820,416.77879817029975,0.0,0.0,0.0,8.29853666889504e-05,3.988293096105137e-05
A,23,7,fixed::alignscore,820,615.5284159083527,0.0,0.0,0.0,8.48207358702472e-05,4.0819506422139524e-05
A,23,7,fixed::lettuce_v2,820,61.91990154535544,0.0,0.0,0.0,8.210854281148896e-05,2.7531708971165664e-05
A,23,7,fixed::granite_guardian_3_1_2b,820,172.69328047330464,0.0,0.0,0.0,8.310364536577609e-05,3.982438612161431e-05
A,23,7,fixed::granite_guardian_3_2_3b_a800m,820,238.55569081845204,0.0,0.0,0.0,8.072316498927226e-05,3.408903267416285e-05
A,23,7,fixed::granite_guardian_3_2_8b_factuality,820,1010.4171103702733,0.0,0.0,0.0,8.191342292376225e-05,3.088901327673073e-05
A,23,7,fixed::granite_guardian_4_1_3b_factuality_lora,820,441.98593909571105,0.0,0.0,0.0,8.413780739008472e-05,3.707318683154881e-05
A,23,7,fixed::qwen30_fast,820,265.89465799149434,0.0,0.0,0.0,8.439024762682071e-05,3.443902398164316e-05
A,23,7,fixed::qwen30_judge,820,652.6388882450325,0.0,0.0,0.0,8.253658207405994e-05,2.8801221604936005e-05
A,23,8,OURS,808,77.49347700796488,31.550698299679876,0.5145623948163408,0.0006288589094477328,0.00018352722402749638,9.184281009198673e-05
A,23,8,OURS_legacy_hp,808,77.02889384799533,31.550698299679876,0.4748194566700206,0.0001812091651649242,0.0001831893602531348,3.3603974221514004e-05
A,23,8,fixed::factcc,808,43.84490741841267,0.0,0.0,0.0,9.229825982492011e-05,3.657425784893186e-05
A,23,8,fixed::factkb,808,44.845334468125586,0.0,0.0,0.0,8.808045563320307e-05,3.6415843682658705e-05
A,23,8,fixed::hhem,808,186.93255568766767,0.0,0.0,0.0,8.801979864002344e-05,3.4455441360334214e-05
A,23,8,fixed::wecheck,808,386.7934398150814,0.0,0.0,0.0,8.603960355181284e-05,4.112871915867349e-05
A,23,8,fixed::factcg,808,466.0757041385998,0.0,0.0,0.0,8.566460357794519e-05,4.059406234260354e-05
A,23,8,fixed::minicheck_dbta,808,469.7967765947973,0.0,0.0,0.0,8.709033107440366e-05,3.76237607053896e-05
A,23,8,fixed::minicheck_ft5,808,477.7159070173805,0.0,0.0,0.0,8.746659173399652e-05,3.908910975321242e-05
A,23,8,fixed::alignscore,808,683.5892635906858,0.0,0.0,0.0,8.80408340818387e-05,4.168316874062956e-05
A,23,8,fixed::lettuce_v2,808,78.48181662783384,0.0,0.0,0.0,9.451609417233653e-05,2.8514856095702414e-05
A,23,8,fixed::granite_guardian_3_1_2b,808,174.82616736613113,0.0,0.0,0.0,9.091089319410079e-05,4.02574412441711e-05
A,23,8,fixed::granite_guardian_3_2_3b_a800m,808,240.92347356666568,0.0,0.0,0.0,9.047647890298268e-05,3.9643559335168486e-05
A,23,8,fixed::granite_guardian_3_2_8b_factuality,808,1009.8889140015059,0.0,0.0,0.0,8.885147301295753e-05,3.057424025725352e-05
A,23,8,fixed::granite_guardian_4_1_3b_factuality_lora,808,446.7196516947081,0.0,0.0,0.0,8.6040846227742e-05,3.788243540641068e-05
A,23,8,fixed::qwen30_fast,808,270.4868820597623,0.0,0.0,0.0,8.72289524747907e-05,3.4613873536403445e-05
A,23,8,fixed::qwen30_judge,808,659.3121360648624,0.0,0.0,0.0,9.06745146206202e-05,2.8852719870064e-05
A,23,9,OURS,806,77.18821303342226,42.85516262864512,0.4874717307472879,0.0001823746940992292,0.00018366378435643192,3.579157293674816e-05
A,23,9,OURS_legacy_hp,806,67.04599562769226,42.85516262864512,0.5410573871057508,0.0001800918127479443,0.0001880310199375983,3.559306386983018e-05
A,23,9,fixed::factcc,806,39.987806866518,0.0,0.0,0.0,8.42493784292682e-05,3.3310182518545285e-05
A,23,9,fixed::factkb,806,40.664048639720335,0.0,0.0,0.0,8.430892212210089e-05,3.7539698485118656e-05
A,23,9,fixed::hhem,806,121.36407728742712,0.0,0.0,0.0,8.544045088526148e-05,3.307195358375832e-05
A,23,9,fixed::wecheck,806,306.5852746094471,0.0,0.0,0.0,8.544045088526148e-05,4.168860117440336e-05
A,23,9,fixed::factcg,806,505.32805671849405,0.0,0.0,0.0,8.988710814768047e-05,4.047766878447558e-05
A,23,9,fixed::minicheck_dbta,806,439.2666407255196,0.0,0.0,0.0,8.639329440646779e-05,4.01799142113413e-05
A,23,9,fixed::minicheck_ft5,806,421.0995918903303,0.0,0.0,0.0,8.510297644425821e-05,3.807445428803304e-05
A,23,9,fixed::alignscore,806,665.3449741806664,0.0,0.0,0.0,8.786227955614625e-05,4.093424866562964e-05
A,23,9,fixed::lettuce_v2,806,72.96162943664687,0.0,0.0,0.0,8.420844891087774e-05,2.822827818750337e-05
A,23,9,fixed::granite_guardian_3_1_2b,806,175.28449824245538,0.0,0.0,0.0,8.490322161784797e-05,4.1330021039973345e-05
A,23,9,fixed::granite_guardian_3_2_3b_a800m,806,238.86982461709988,0.0,0.0,0.0,8.375185097523829e-05,3.567244944211197e-05
A,23,9,fixed::granite_guardian_3_2_8b_factuality,806,1008.4749406754867,0.0,0.0,0.0,8.597518863369047e-05,3.0411914032571962e-05
A,23,9,fixed::granite_guardian_4_1_3b_factuality_lora,806,445.48756964088744,0.0,0.0,0.0,8.30384640938258e-05,3.472085168039791e-05
A,23,9,fixed::qwen30_fast,806,271.7420338504909,0.0,0.0,0.0,8.627296126131015e-05,3.5116624054741626e-05
A,23,9,fixed::qwen30_judge,806,622.4590773971823,0.0,0.0,0.0,8.438834380335348e-05,2.89032270695099e-05
A,31,0,OURS,903,77.92384258414963,32.691858916050045,0.461020070876656,0.00016347508762002915,0.00017123477152370303,3.192912589176945e-05
A,31,0,OURS_legacy_hp,903,68.55509347773666,32.691858916050045,0.47632940863540185,0.0005102513852020765,0.00017114617082611105,8.338539108761885e-05
A,31,0,fixed::factcc,903,44.628624369243084,0.0,0.0,0.0,7.736102710369714e-05,2.5922488493397256e-05
A,31,0,fixed::factkb,903,43.512030794521934,0.0,0.0,0.0,7.789258294401572e-05,3.219491186946763e-05
A,31,0,fixed::hhem,903,140.40806419911624,0.0,0.0,0.0,8.380952381950742e-05,3.30808382699986e-05
A,31,0,fixed::wecheck,903,312.43268974527103,0.0,0.0,0.0,7.762679696631754e-05,3.735105992333009e-05
A,31,0,fixed::factcg,903,385.1303072883603,0.0,0.0,0.0,7.791029341448747e-05,3.8626810055172455e-05
A,31,0,fixed::minicheck_dbta,903,407.37690293366256,0.0,0.0,0.0,7.854706459758125e-05,3.242526079114456e-05
A,31,0,fixed::minicheck_ft5,903,400.82932959139504,0.0,0.0,0.0,7.539313438153544e-05,3.781172553652842e-05
A,31,0,fixed::alignscore,903,602.4552052844135,0.0,0.0,0.0,7.596012727787526e-05,3.749279203233727e-05
A,31,0,fixed::lettuce_v2,903,67.99766088957468,0.0,0.0,0.0,7.62978993079822e-05,2.64186072776946e-05
A,31,0,fixed::granite_guardian_3_1_2b,903,174.94384709174915,0.0,0.0,0.0,7.612069791279824e-05,3.848504571600973e-05
A,31,0,fixed::granite_guardian_3_2_3b_a800m,903,242.51646627012587,0.0,0.0,0.0,7.665117404290609e-05,3.7705414368464704e-05
A,31,0,fixed::granite_guardian_3_2_8b_factuality,903,1003.3083200799059,0.0,0.0,0.0,7.468550520147695e-05,3.0387589782228896e-05
A,31,0,fixed::granite_guardian_4_1_3b_factuality_lora,903,444.62814688820373,0.0,0.0,0.0,7.638648389049642e-05,3.8042074458205355e-05
A,31,0,fixed::qwen30_fast,903,271.1640954174149,0.0,0.0,0.0,7.631560977845394e-05,3.20708741158544e-05
A,31,0,fixed::qwen30_judge,903,654.4609414232116,0.0,0.0,0.0,7.702435089887872e-05,2.794241680168564e-05
A,31,1,OURS,891,80.80278953000214,28.066250699355766,0.45097172838767974,0.0005777654368440829,0.00016411336417927687,0.00011248597807295863
A,31,1,OURS_legacy_hp,891,78.57617650762609,28.066250699355766,0.4599265925938736,0.00016075533417008576,0.00016817284223239964,3.253984631914081e-05
A,31,1,fixed::factcc,891,44.15762762249814,0.0,0.0,0.0,7.820538951734167e-05,5.186194795425291e-05
A,31,1,fixed::factkb,891,45.13941417830655,0.0,0.0,0.0,7.718182315236725e-05,3.128170177411585e-05
A,31,1,fixed::hhem,891,171.5930554562815,0.0,0.0,0.0,7.565543993651097e-05,3.140741006986528e-05
A,31,1,fixed::wecheck,891,545.5101564815702,0.0,0.0,0.0,7.669584471293371e-05,3.8698082920435635e-05
A,31,1,fixed::factcg,891,463.27973512737196,0.0,0.0,0.0,7.68226635925614e-05,4.074523198250033e-05
A,31,1,fixed::minicheck_dbta,891,534.4695917215508,0.0,0.0,0.0,7.648035877631972e-05,3.715375070925279e-05
A,31,1,fixed::minicheck_ft5,891,485.2727444962793,0.0,0.0,0.0,7.538607434968555e-05,3.616609866704738e-05
A,31,1,fixed::alignscore,891,672.9349013228572,0.0,0.0,0.0,7.730751511600082e-05,4.101570815320402e-05
A,31,1,fixed::lettuce_v2,891,77.47364258799988,0.0,0.0,0.0,7.450616527578712e-05,2.6235698594781753e-05
A,31,1,fixed::granite_guardian_3_1_2b,891,172.71789468111606,0.0,0.0,0.0,7.292593507395114e-05,3.973961461285248e-05
A,31,1,fixed::granite_guardian_3_2_3b_a800m,891,241.7887150518443,0.0,0.0,0.0,7.61043771371814e-05,3.331088550873812e-05
A,31,1,fixed::granite_guardian_3_2_8b_factuality,891,996.5536875989864,0.0,0.0,0.0,8.346689496540562e-05,2.8731768525401016e-05
A,31,1,fixed::granite_guardian_4_1_3b_factuality_lora,891,445.6679429541427,0.0,0.0,0.0,8.253199565741752e-05,3.516049762951538e-05
A,31,1,fixed::qwen30_fast,891,269.62340906071375,0.0,0.0,0.0,7.852861842226266e-05,3.710101430715134e-05
A,31,1,fixed::qwen30_judge,891,635.1590223113121,0.0,0.0,0.0,7.605049748696997e-05,2.6074075976263327e-05
A,31,2,OURS,887,70.84396446494227,31.179149147917663,0.47282477115121335,0.0005763303416307592,0.0001687328038493585,0.00010287372294074216
A,31,2,OURS_legacy_hp,887,72.01953721124434,31.179149147917663,0.45534972603925794,0.0005523032593313004,0.00017535287530918468,0.00012809132252585692
A,31,2,fixed::factcc,887,41.76957567130282,0.0,0.0,0.0,7.951296086338051e-05,3.210823495243387e-05
A,31,2,fixed::factkb,887,41.897082747064694,0.0,0.0,0.0,8.106425736863859e-05,3.3461103707199163e-05
A,31,2,fixed::hhem,887,137.53283133953016,0.0,0.0,0.0,8.063247398995157e-05,3.328185429819676e-05
A,31,2,fixed::wecheck,887,335.0882959437466,0.0,0.0,0.0,7.929650317507942e-05,4.0948137918144903e-05
A,31,2,fixed::factcg,887,382.31932293963484,0.0,0.0,0.0,7.705975732353454e-05,3.9233374351629274e-05
A,31,2,fixed::minicheck_dbta,887,443.2124367064225,0.0,0.0,0.0,8.019955861334938e-05,3.486809508692318e-05
A,31,2,fixed::minicheck_ft5,887,430.7676499522855,0.0,0.0,0.0,7.868432198370793e-05,4.1542272765941185e-05
A,31,2,fixed::alignscore,887,643.630393357335,0.0,0.0,0.0,7.868433838947481e-05,3.9846671135149046e-05
A,31,2,fixed::lettuce_v2,887,69.64517642994304,0.0,0.0,0.0,7.846786429540684e-05,2.7616680500002025e-05
A,31,2,fixed::granite_guardian_3_1_2b,887,177.55462292719213,0.0,0.0,0.0,7.767418610496948e-05,3.7952658159631015e-05
A,31,2,fixed::granite_guardian_3_2_3b_a800m,887,242.8161549735489,0.0,0.0,0.0,7.812401582723171e-05,3.7952641753864126e-05
A,31,2,fixed::granite_guardian_3_2_8b_factuality,887,1003.3176483820639,0.0,0.0,0.0,7.879141882994331e-05,2.9384434693561198e-05
A,31,2,fixed::granite_guardian_4_1_3b_factuality_lora,887,447.73630063045425,0.0,0.0,0.0,7.902705485973478e-05,3.4308920928362124e-05
A,31,2,fixed::qwen30_fast,887,276.404185059593,0.0,0.0,0.0,8.046899052292714e-05,3.3749713958267295e-05
A,31,2,fixed::qwen30_judge,887,659.5482451415932,0.0,0.0,0.0,7.790867373107889e-05,2.8464481315398095e-05
A,31,3,OURS,880,87.31605681066206,42.25205349904916,0.46266708179080684,0.0001681284133651802,0.00017411022616380995,3.2181808571542867e-05
A,31,3,OURS_legacy_hp,880,88.16603225852965,42.25205349904916,0.4912915715976851,0.00016809205011337656,0.00017276591031325304,3.245568223064765e-05
A,31,3,fixed::factcc,880,54.44148552209795,0.0,0.0,0.0,8.312727004522458e-05,3.332727580775761e-05
A,31,3,fixed::factkb,880,50.7290446591717,0.0,0.0,0.0,9.056477045471019e-05,3.321818605234677e-05
A,31,3,fixed::hhem,880,221.08692032783108,0.0,0.0,0.0,8.00908971789547e-05,3.490908552934839e-05
A,31,3,fixed::wecheck,880,417.41617712078465,0.0,0.0,0.0,8.283750503323972e-05,3.780000538840382e-05
A,31,3,fixed::factcg,880,569.3465398547811,0.0,0.0,0.0,8.254658248254351e-05,4.043636594856666e-05
A,31,3,fixed::minicheck_dbta,880,537.8241351856559,0.0,0.0,0.0,8.3964782375419e-05,3.889204394495623e-05
A,31,3,fixed::minicheck_ft5,880,533.0421286723405,0.0,0.0,0.0,8.329205394891852e-05,4.001932128713551e-05
A,31,3,fixed::alignscore,880,830.3300539741031,0.0,0.0,0.0,8.84011487042616e-05,4.047387020281431e-05
A,31,3,fixed::lettuce_v2,880,87.45890920234325,0.0,0.0,0.0,8.145568492843516e-05,2.7964762755965982e-05
A,31,3,fixed::granite_guardian_3_1_2b,880,179.45982244448467,0.0,0.0,0.0,8.016364021882923e-05,3.7910219609991394e-05
A,31,3,fixed::granite_guardian_3_2_3b_a800m,880,252.06357624725072,0.0,0.0,0.0,8.741930783302946e-05,3.472726927033033e-05
A,31,3,fixed::granite_guardian_3_2_8b_factuality,880,1011.4415967266144,0.0,0.0,0.0,8.178182972849093e-05,3.0109103218736973e-05
A,31,3,fixed::granite_guardian_4_1_3b_factuality_lora,880,452.04189706402593,0.0,0.0,0.0,8.178295419466767e-05,3.785454199797559e-05
A,31,3,fixed::qwen30_fast,880,274.02327199657026,0.0,0.0,0.0,8.116477891400626e-05,3.205568646080792e-05
A,31,3,fixed::qwen30_judge,880,639.1782361515983,0.0,0.0,0.0,8.083750964777374e-05,2.723749771989374e-05
A,31,4,OURS,849,85.79528196106689,32.15415838237735,0.49819911425141783,0.00017091284425944545,0.00018715900349791642,3.330153522813348e-05
A,31,4,OURS_legacy_hp,849,87.40886282362949,32.15415838237735,0.4813000011838944,0.0001719682094848356,0.0001756242710605562,3.2376914418952975e-05
A,31,4,fixed::factcc,849,47.60842229212493,0.0,0.0,0.0,8.395877466575452e-05,3.18115493732431e-05
A,31,4,fixed::factkb,849,45.7746758679278,0.0,0.0,0.0,8.397762873731071e-05,3.2527678431142274e-05
A,31,4,fixed::hhem,849,154.88443850369322,0.0,0.0,0.0,8.410953867794382e-05,3.181271489766658e-05
A,31,4,fixed::wecheck,849,350.0296387937166,0.0,0.0,0.0,8.067844045601864e-05,4.0217911417610306e-05
A,31,4,fixed::factcg,849,411.91638201878004,0.0,0.0,0.0,8.403415667184918e-05,3.933096447141207e-05
A,31,4,fixed::minicheck_dbta,849,543.6482418698612,0.0,0.0,0.0,8.071731412355449e-05,3.143462220270481e-05
A,31,4,fixed::minicheck_ft5,849,493.9933868851957,0.0,0.0,0.0,8.24888084068438e-05,4.032980176226375e-05
A,31,4,fixed::alignscore,849,697.3431980234553,0.0,0.0,0.0,8.595641496732778e-05,4.0310964830772614e-05
A,31,4,fixed::lettuce_v2,849,77.0814925555545,0.0,0.0,0.0,7.981154738593017e-05,2.753474320163259e-05
A,31,4,fixed::granite_guardian_3_1_2b,849,181.0294023621512,0.0,0.0,0.0,8.243228047230535e-05,3.948174562366642e-05
A,31,4,fixed::granite_guardian_3_2_3b_a800m,849,248.97755010372182,0.0,0.0,0.0,8.13769152469152e-05,3.835218105667015e-05
A,31,4,fixed::granite_guardian_3_2_8b_factuality,849,1015.7718980619127,0.0,0.0,0.0,8.42791567616893e-05,3.094582182757811e-05
A,31,4,fixed::granite_guardian_4_1_3b_factuality_lora,849,455.24378693360234,0.0,0.0,0.0,8.182922442354815e-05,3.4865720424629985e-05
A,31,4,fixed::qwen30_fast,849,279.98765744032363,0.0,0.0,0.0,8.237573539770184e-05,3.377148153170399e-05
A,31,4,fixed::qwen30_judge,849,626.4953619875033,0.0,0.0,0.0,8.162073267226682e-05,2.787277956456999e-05
A,31,5,OURS,851,78.21969381698679,30.063583238636387,0.465308752045124,0.00016964629613143228,0.00017489189392592665,3.357930532979454e-05
A,31,5,OURS_legacy_hp,851,81.32512787923044,30.063583238636387,0.4638070528577142,0.00017231610233180847,0.00017560633995431256,3.3259693288039656e-05
A,31,5,fixed::factcc,851,44.549562823581134,0.0,0.0,0.0,8.310340580198866e-05,3.31480659054183e-05
A,31,5,fixed::factkb,851,44.660166384780574,0.0,0.0,0.0,8.214453547715825e-05,3.372973211976392e-05
A,31,5,fixed::hhem,851,138.86124742881245,0.0,0.0,0.0,8.250058715622413e-05,3.4895424318492205e-05
A,31,5,fixed::wecheck,851,362.18848068687214,0.0,0.0,0.0,8.186250875816713e-05,4.021620985829697e-05
A,31,5,fixed::factcg,851,414.8483738340736,0.0,0.0,0.0,8.1674496645434e-05,3.624912862995362e-05
A,31,5,fixed::minicheck_dbta,851,501.9313234318561,0.0,0.0,0.0,8.223737019839774e-05,3.993418313930584e-05
A,31,5,fixed::minicheck_ft5,851,463.6289720459703,0.0,0.0,0.0,8.603524907517272e-05,3.927614929463132e-05
A,31,5,fixed::alignscore,851,697.8026793848137,0.0,0.0,0.0,8.28777912667089e-05,4.31304232553348e-05
A,31,5,fixed::lettuce_v2,851,73.32774854579652,0.0,0.0,0.0,8.122208768985596e-05,2.7769671197100755e-05
A,31,5,fixed::granite_guardian_3_1_2b,851,183.48289398660066,0.0,0.0,0.0,8.692009443992839e-05,4.1232672251857264e-05
A,31,5,fixed::granite_guardian_3_2_3b_a800m,851,246.48235665801715,0.0,0.0,0.0,8.047120202415909e-05,3.826204667110806e-05
A,31,5,fixed::granite_guardian_3_2_8b_factuality,851,1030.730622498704,0.0,0.0,0.0,8.319742040824666e-05,3.010105559455732e-05
A,31,5,fixed::granite_guardian_4_1_3b_factuality_lora,851,455.6318904808025,0.0,0.0,0.0,8.227615250596288e-05,3.812926685706779e-05
A,31,5,fixed::qwen30_fast,851,281.65486937505875,0.0,0.0,0.0,8.077085861929646e-05,3.199998648305337e-05
A,31,5,fixed::qwen30_judge,851,639.4963683260902,0.0,0.0,0.0,8.261457430888252e-05,2.8408929480176274e-05
A,31,6,OURS,824,79.83991228468864,28.734015962575903,0.4726921407797191,0.0001778847133024207,0.0001778846956423294,3.603884234834571e-05
A,31,6,OURS_legacy_hp,824,78.67980931931598,28.734015962575903,0.5124714769461436,0.0001771080048271066,0.00018868204014086464,3.683616015020288e-05
A,31,6,fixed::factcc,824,37.76901159985799,0.0,0.0,0.0,8.163227091059632e-05,3.759222397879128e-05
A,31,6,fixed::factkb,824,38.23956036285381,0.0,0.0,0.0,8.202063397829901e-05,3.504855272889101e-05
A,31,6,fixed::hhem,824,117.4145902230662,0.0,0.0,0.0,8.192353879635051e-05,3.1612852607510114e-05
A,31,6,fixed::wecheck,824,281.66280367091105,0.0,0.0,0.0,8.252548300819381e-05,3.747693890280732e-05
A,31,6,fixed::factcg,824,337.13263095787005,0.0,0.0,0.0,8.213711994049112e-05,4.4408983899081504e-05
A,31,6,fixed::minicheck_dbta,824,384.40097356133884,0.0,0.0,0.0,8.399999467090893e-05,3.469904186204076e-05
A,31,6,fixed::minicheck_ft5,824,381.6250466174874,0.0,0.0,0.0,8.266141273090345e-05,3.895266911182191e-05
A,31,6,fixed::alignscore,824,601.1823439129004,0.0,0.0,0.0,8.454489678786434e-05,4.36699090783204e-05
A,31,6,fixed::lettuce_v2,824,64.0547106395918,0.0,0.0,0.0,8.914685167837888e-05,2.7263348722079933e-05
A,31,6,fixed::granite_guardian_3_1_2b,824,170.50739261466535,0.0,0.0,0.0,8.413714293991804e-05,4.058251893758159e-05
A,31,6,fixed::granite_guardian_3_2_3b_a800m,824,235.50027232319462,0.0,0.0,0.0,8.237014484514925e-05,3.361287560693703e-05
A,31,6,fixed::granite_guardian_3_2_8b_factuality,824,996.611116835004,0.0,0.0,0.0,8.374877987221535e-05,2.9592237941631415e-05
A,31,6,fixed::granite_guardian_4_1_3b_factuality_lora,824,438.78063562891117,0.0,0.0,0.0,8.250485602155943e-05,3.547571501717225e-05
A,31,6,fixed::qwen30_fast,824,260.99581645320035,0.0,0.0,0.0,8.318568786122448e-05,3.349515343835415e-05
A,31,6,fixed::qwen30_judge,824,639.6992033790332,0.0,0.0,0.0,8.250605690776759e-05,2.8467237145766542e-05
A,31,7,OURS,808,87.17122277625148,34.186775455676226,0.5308026002509931,0.0006926212957449313,0.00018227846078726803,0.00010077350776951465
A,31,7,OURS_legacy_hp,808,77.41850942700621,34.186775455676226,0.5154542054472109,0.00017629949664720103,0.00018556683343295746,3.5801979783452164e-05
A,31,7,fixed::factcc,808,47.434119602834166,0.0,0.0,0.0,8.497153259560207e-05,3.144677885748114e-05
A,31,7,fixed::factkb,808,47.43728559387279,0.0,0.0,0.0,8.623886393558344e-05,3.7148518206570114e-05
A,31,7,fixed::hhem,808,141.45080900497044,0.0,0.0,0.0,8.44368937893282e-05,3.625867219231469e-05
A,31,7,fixed::wecheck,808,336.9438506803034,0.0,0.0,0.0,8.544553241849241e-05,4.1346529632401054e-05
A,31,7,fixed::factcg,808,465.49999173928,0.0,0.0,0.0,8.677350274185733e-05,3.926733469516777e-05
A,31,7,fixed::minicheck_dbta,808,468.4586006888903,0.0,0.0,0.0,8.568441435362738e-05,3.459404475092519e-05
A,31,7,fixed::minicheck_ft5,808,415.3635973257899,0.0,0.0,0.0,9.035768628807388e-05,3.8060642338569946e-05
A,31,7,fixed::alignscore,808,699.0234773615931,0.0,0.0,0.0,8.546536120397066e-05,4.372276013629456e-05
A,31,7,fixed::lettuce_v2,808,71.75036388719374,0.0,0.0,0.0,8.269430194073127e-05,2.669307517376498e-05
A,31,7,fixed::granite_guardian_3_1_2b,808,174.62685329224084,0.0,0.0,0.0,8.043563938561348e-05,3.867328157164341e-05
A,31,7,fixed::granite_guardian_3_2_3b_a800m,808,239.9121077636088,0.0,0.0,0.0,8.487129007065023e-05,3.5108908801109044e-05
A,31,7,fixed::granite_guardian_3_2_8b_factuality,808,1010.50415210139,0.0,0.0,0.0,8.449629009678259e-05,2.9584151718046258e-05
A,31,7,fixed::granite_guardian_4_1_3b_factuality_lora,808,444.91161405406245,0.0,0.0,0.0,8.51893610791257e-05,3.716955364838537e-05
A,31,7,fixed::qwen30_fast,808,269.0554927067202,0.0,0.0,0.0,8.289107697264355e-05,3.291088522937481e-05
A,31,7,fixed::qwen30_judge,808,633.1825355639984,0.0,0.0,0.0,8.360520140659802e-05,2.8435631002769758e-05
A,31,8,OURS,812,75.86430865133484,40.97657371307003,0.4893281625591223,0.00018055417851356816,0.0001779716795085576,3.2374391325387024e-05
A,31,8,OURS_legacy_hp,812,90.4869983186217,40.97657371307003,0.5074740788071266,0.0006262130518914132,0.00018731280837295202,9.637561413399839e-05
A,31,8,fixed::factcc,812,46.982242277726755,0.0,0.0,0.0,8.55172509751902e-05,3.639408909105535e-05
A,31,8,fixed::factkb,812,47.80866661683365,0.0,0.0,0.0,8.425739920110868e-05,3.3557881386675346e-05
A,31,8,fixed::hhem,812,163.63417488191502,0.0,0.0,0.0,8.441377852658003e-05,3.24925987550007e-05
A,31,8,fixed::wecheck,812,385.5461207356962,0.0,0.0,0.0,8.384236495877649e-05,3.923153334980821e-05
A,31,8,fixed::factcg,812,552.1858477463351,0.0,0.0,0.0,8.510467192052584e-05,3.556773026950951e-05
A,31,8,fixed::minicheck_dbta,812,544.092605325231,0.0,0.0,0.0,8.591255411079035e-05,4.035466522083898e-05
A,31,8,fixed::minicheck_ft5,812,530.4223442855684,0.0,0.0,0.0,8.396180894276301e-05,4.382388123765294e-05
A,31,8,fixed::alignscore,812,748.4778258677118,0.0,0.0,0.0,9.040393464592987e-05,4.2364532024751006e-05
A,31,8,fixed::lettuce_v2,812,86.01450397920614,0.0,0.0,0.0,8.232634929765768e-05,3.4247538226248305e-05
A,31,8,fixed::granite_guardian_3_1_2b,812,182.8575506024656,0.0,0.0,0.0,8.547906115825468e-05,4.130050386852709e-05
A,31,8,fixed::granite_guardian_3_2_3b_a800m,812,248.02160803052274,0.0,0.0,0.0,8.2346044562234e-05,3.826723599191663e-05
A,31,8,fixed::granite_guardian_3_2_8b_factuality,812,1025.7754198480811,0.0,0.0,0.0,8.52820189071021e-05,3.0246317091861308e-05
A,31,8,fixed::granite_guardian_4_1_3b_factuality_lora,812,456.0363368641828,0.0,0.0,0.0,8.441501508095288e-05,4.0040634173367706e-05
A,31,8,fixed::qwen30_fast,812,281.0936600636241,0.0,0.0,0.0,8.457266680295281e-05,3.432635512670933e-05
A,31,8,fixed::qwen30_judge,812,650.6509337123492,0.0,0.0,0.0,8.551848752956306e-05,2.8848526781434055e-05
A,31,9,OURS,807,80.13419690098333,32.16735837718053,0.44434840395014336,0.00018199009268603472,0.00017830111906324804,3.3904574009390197e-05
A,31,9,OURS_legacy_hp,807,79.95883389229684,32.16735837718053,0.5050709429921183,0.00017907558028647374,0.0001890879831838859,3.4636930248652765e-05
A,31,9,fixed::factcc,807,38.789199426046906,0.0,0.0,0.0,8.6344483243867e-05,2.860966039869976e-05
A,31,9,fixed::factkb,807,39.16238660702991,0.0,0.0,0.0,8.660223426775086e-05,3.422056875841362e-05
A,31,9,fixed::hhem,807,104.01112496622208,0.0,0.0,0.0,8.69405167084995e-05,3.527139014618695e-05
A,31,9,fixed::wecheck,807,251.50829737394636,0.0,0.0,0.0,8.267781534491861e-05,4.0386613750370977e-05
A,31,9,fixed::factcg,807,314.5948453670595,0.0,0.0,0.0,8.487731839796757e-05,4.0009904876720655e-05
A,31,9,fixed::minicheck_dbta,807,362.7524941160962,0.0,0.0,0.0,8.394671710787394e-05,3.929615777812187e-05
A,31,9,fixed::minicheck_ft5,807,370.21815642337845,0.0,0.0,0.0,8.56517976533063e-05,4.1101623096883e-05
A,31,9,fixed::alignscore,807,577.582510064774,0.0,0.0,0.0,8.462081158988391e-05,4.169641234571532e-05
A,31,9,fixed::lettuce_v2,807,61.34865755983311,0.0,0.0,0.0,8.142874890631422e-05,2.7817834250610482e-05
A,31,9,fixed::granite_guardian_3_1_2b,807,176.37760930203012,0.0,0.0,0.0,8.210284338832418e-05,4.048575430789956e-05
A,31,9,fixed::granite_guardian_3_2_3b_a800m,807,240.62210849868285,0.0,0.0,0.0,8.28364258112739e-05,3.7294917808017025e-05
A,31,9,fixed::granite_guardian_3_2_8b_factuality,807,1021.414838113689,0.0,0.0,0.0,8.440271318258887e-05,3.027633254334349e-05
A,31,9,fixed::granite_guardian_4_1_3b_factuality_lora,807,447.5132540887746,0.0,0.0,0.0,8.31140121595087e-05,3.8602227971760976e-05
A,31,9,fixed::qwen30_fast,807,269.15475507989544,0.0,0.0,0.0,8.24200823531478e-05,3.364559680181919e-05
A,31,9,fixed::qwen30_judge,807,648.6280665366796,0.0,0.0,0.0,8.40062050488137e-05,2.9838909545066262e-05
A,37,0,OURS,905,67.94336259372157,25.191426778663057,0.400934706088953,0.00016484641114980475,0.0001692828639971288,3.435139580326186e-05
A,37,0,OURS_legacy_hp,905,66.74361106095763,25.191426778663057,0.4234516906175114,0.00045398011924544586,0.0001644044188340066,0.00010346188222814495
A,37,0,fixed::factcc,905,41.254489390000714,0.0,0.0,0.0,7.701325371799712e-05,3.0215484223930546e-05
A,37,0,fixed::factkb,905,39.59838322994752,0.0,0.0,0.0,7.899337543370151e-05,3.490055774889104e-05
A,37,0,fixed::hhem,905,153.59020355454703,0.0,0.0,0.0,7.80386733179346e-05,3.359226821227133e-05
A,37,0,fixed::wecheck,905,317.68874527332736,0.0,0.0,0.0,7.766739848630698e-05,3.8293919664967127e-05
A,37,0,fixed::factcg,905,319.3960224070846,0.0,0.0,0.0,7.741877780867051e-05,4.181215470111337e-05
A,37,0,fixed::minicheck_dbta,905,406.32216242670717,0.0,0.0,0.0,7.846297822295797e-05,3.7215469991633904e-05
A,37,0,fixed::minicheck_ft5,905,382.64792274631617,0.0,0.0,0.0,7.825082577044628e-05,3.599558534995956e-05
A,37,0,fixed::alignscore,905,598.8779488845809,0.0,0.0,0.0,7.66939155561901e-05,3.862983575450946e-05
A,37,0,fixed::lettuce_v2,905,59.201061493525465,0.0,0.0,0.0,7.773811597047754e-05,2.6467393245033466e-05
A,37,0,fixed::granite_guardian_3_1_2b,905,161.87301213941177,0.0,0.0,0.0,7.436133198213676e-05,3.9037578811261865e-05
A,37,0,fixed::granite_guardian_3_2_3b_a800m,905,232.16980480365788,0.0,0.0,0.0,7.49977893396718e-05,3.9355791410565044e-05
A,37,0,fixed::granite_guardian_3_2_8b_factuality,905,968.7163416955502,0.0,0.0,0.0,7.793259709167875e-05,2.8499435551094085e-05
A,37,0,fixed::granite_guardian_4_1_3b_factuality_lora,905,427.7597800730432,0.0,0.0,0.0,7.701325371799712e-05,3.661437137618414e-05
A,37,0,fixed::qwen30_fast,905,249.4288624842839,0.0,0.0,0.0,7.837458940747693e-05,3.067514787103919e-05
A,37,0,fixed::qwen30_judge,905,617.4502635658307,0.0,0.0,0.0,7.851602437581805e-05,2.7244208246798805e-05
A,37,1,OURS,887,72.1319918607371,30.873184509131363,0.4472267113979318,0.0001653055243063907,0.00017136528960974066,3.486809508692318e-05
A,37,1,OURS_legacy_hp,887,72.42831252752872,30.873184509131363,0.44009006200799256,0.0005379627980323342,0.00017212402351670966,8.108341930436207e-05
A,37,1,fixed::factcc,887,39.40738229447343,0.0,0.0,0.0,7.792672007465409e-05,3.0935747604586156e-05
A,37,1,fixed::factkb,887,39.51082551831394,0.0,0.0,0.0,7.895490229696775e-05,3.526493418214185e-05
A,37,1,fixed::hhem,887,133.45544538255928,0.0,0.0,0.0,7.740360579170967e-05,3.3931227363100045e-05
A,37,1,fixed::wecheck,887,313.6345804052106,0.0,0.0,0.0,7.835963545125628e-05,4.468095846360774e-05
A,37,1,fixed::factcg,887,350.08784668601993,0.0,0.0,0.0,8.36437525019772e-05,3.8692230130876535e-05
A,37,1,fixed::minicheck_dbta,887,452.1345959251115,0.0,0.0,0.0,7.88275115170937e-05,4.29673104892404e-05
A,37,1,fixed::minicheck_ft5,887,415.36499557671084,0.0,0.0,0.0,7.648365241354657e-05,4.111047298148728e-05
A,37,1,fixed::alignscore,887,613.579944592252,0.0,0.0,0.0,7.90811610789266e-05,4.11465492628708e-05
A,37,1,fixed::lettuce_v2,887,66.78689527407361,0.0,0.0,0.0,8.000111445708972e-05,2.612063861761784e-05
A,37,1,fixed::granite_guardian_3_1_2b,887,170.0373057740228,0.0,0.0,0.0,7.639346991297122e-05,3.9162353786777416e-05
A,37,1,fixed::granite_guardian_3_2_3b_a800m,887,239.9449359370698,0.0,0.0,0.0,7.738557585390135e-05,3.586020102785331e-05
A,37,1,fixed::granite_guardian_3_2_8b_factuality,887,986.3922348225439,0.0,0.0,0.0,7.870236832728314e-05,3.0269443788255955e-05
A,37,1,fixed::granite_guardian_4_1_3b_factuality_lora,887,437.31566898453497,0.0,0.0,0.0,7.789064379327058e-05,3.7394583187451355e-05
A,37,1,fixed::qwen30_fast,887,261.42060059677783,0.0,0.0,0.0,7.95682154862544e-05,3.169448151155517e-05
A,37,1,fixed::qwen30_judge,887,628.7039733252183,0.0,0.0,0.0,7.812513141937999e-05,2.685907859094819e-05
A,37,2,OURS,885,69.0689431292289,32.149071636097375,0.4347283570562873,0.00016578645142858143,0.0001711740144028586,3.2126550999401654e-05
A,37,2,OURS_legacy_hp,885,71.2281111811977,32.149071636097375,0.5183846011329021,0.00016761356359610788,0.00017290960571144596,3.351865133723128e-05
A,37,2,fixed::factcc,885,42.85279097187459,0.0,0.0,0.0,8.054350247596111e-05,3.4966098281454905e-05
A,37,2,fixed::factkb,885,43.65497546932807,0.0,0.0,0.0,8.029039780803993e-05,3.330170447901312e-05
A,37,2,fixed::hhem,885,145.10114862653296,0.0,0.0,0.0,7.857287718288306e-05,3.2018077570292574e-05
A,37,2,fixed::wecheck,885,313.7776699030606,0.0,0.0,0.0,7.992881971100967e-05,4.8614693095244594e-05
A,37,2,fixed::factcg,885,404.4823820848415,0.0,0.0,0.0,7.793898917839857e-05,3.614011720496382e-05
A,37,2,fixed::minicheck_dbta,885,444.08146997586175,0.0,0.0,0.0,8.162823676705193e-05,3.78214635775756e-05
A,37,2,fixed::minicheck_ft5,885,436.4501555595944,0.0,0.0,0.0,7.781356317911949e-05,4.178191940326475e-05
A,37,2,fixed::alignscore,885,645.9149135717672,0.0,0.0,0.0,7.976610134592501e-05,4.0840665352041436e-05
A,37,2,fixed::lettuce_v2,885,71.09095955755572,0.0,0.0,0.0,7.900678734216145e-05,2.6558182533767265e-05
A,37,2,fixed::granite_guardian_3_1_2b,885,178.09962428537972,0.0,0.0,0.0,7.669153652222311e-05,3.482033248654025e-05
A,37,2,fixed::granite_guardian_3_2_3b_a800m,885,245.73678199111714,0.0,0.0,0.0,7.900678734216145e-05,3.827344442028447e-05
A,37,2,fixed::granite_guardian_3_2_8b_factuality,885,1013.6900745209906,0.0,0.0,0.0,7.951299667800382e-05,2.9397746258662582e-05
A,37,2,fixed::granite_guardian_4_1_3b_factuality_lora,885,449.23419443743126,0.0,0.0,0.0,7.784970454598046e-05,3.753220109995139e-05
A,37,2,fixed::qwen30_fast,885,273.61687581669173,0.0,0.0,0.0,7.958417774130732e-05,3.4314123150697875e-05
A,37,2,fixed::qwen30_judge,885,646.8053854694446,0.0,0.0,0.0,8.215141511590635e-05,2.7841792999645746e-05
A,37,3,OURS,878,74.65093329038757,26.65106394759232,0.4637178029546276,0.00017104556509304222,0.00017268451183699156,3.063325663595747e-05
A,37,3,OURS_legacy_hp,878,73.81809480345898,26.65106394759232,0.4983428849561292,0.00016803757814215262,0.0001749088831250142,3.2273346981445245e-05
A,37,3,fixed::factcc,878,44.81516457471736,0.0,0.0,0.0,7.960021934431716e-05,3.152619397632591e-05
A,37,3,fixed::factkb,878,46.17203556958232,0.0,0.0,0.0,7.983598357452618e-05,3.0141242791459407e-05
A,37,3,fixed::hhem,878,157.4819365001585,0.0,0.0,0.0,8.06936184326208e-05,3.090661055151721e-05
A,37,3,fixed::wecheck,878,350.1795566914463,0.0,0.0,0.0,8.001935759512602e-05,3.94350770332666e-05
A,37,3,fixed::factcg,878,439.79405911294197,0.0,0.0,0.0,8.111275668342965e-05,4.0620726645671694e-05
A,37,3,fixed::minicheck_dbta,878,524.2266858488564,0.0,0.0,0.0,7.96719844843386e-05,3.3749438236745454e-05
A,37,3,fixed::minicheck_ft5,878,485.8802870153102,0.0,0.0,0.0,7.907175941600683e-05,3.921752755799604e-05
A,37,3,fixed::alignscore,878,719.3710844854269,0.0,0.0,0.0,7.910820549981911e-05,3.94350770332666e-05
A,37,3,fixed::lettuce_v2,878,77.51035094315532,0.0,0.0,0.0,7.885306633919783e-05,2.662415426873638e-05
A,37,3,fixed::granite_guardian_3_1_2b,878,183.25337582993893,0.0,0.0,0.0,7.994646542750147e-05,3.8707282384624175e-05
A,37,3,fixed::granite_guardian_3_2_3b_a800m,878,248.35517820044302,0.0,0.0,0.0,7.761275588804198e-05,3.438725299042796e-05
A,37,3,fixed::granite_guardian_3_2_8b_factuality,878,1023.8037375517596,0.0,0.0,0.0,7.772323774101726e-05,2.9413448142816985e-05
A,37,3,fixed::granite_guardian_4_1_3b_factuality_lora,878,458.3890441102257,0.0,0.0,0.0,7.699431606477173e-05,3.469703641586464e-05
A,37,3,fixed::qwen30_fast,878,280.8539703086134,0.0,0.0,0.0,7.876081581509636e-05,3.24737921554451e-05
A,37,3,fixed::qwen30_judge,878,650.6074935288059,0.0,0.0,0.0,8.140432535392786e-05,2.744419944148027e-05
A,37,4,OURS,862,84.21420800661546,34.89155302425129,0.5142672923396249,0.00016889212790254304,0.00017191879121746583,3.207424437311714e-05
A,37,4,OURS_legacy_hp,862,79.63005088274032,34.89155302425129,0.4528602842302839,0.000492812071796161,0.00017477726342865284,8.033526607026322e-05
A,37,4,fixed::factcc,862,52.301251136727814,0.0,0.0,0.0,8.31751854336127e-05,3.032946636092151e-05
A,37,4,fixed::factkb,862,47.49957080956807,0.0,0.0,0.0,8.059512411099437e-05,3.185267373811445e-05
A,37,4,fixed::hhem,862,165.2865436677243,0.0,0.0,0.0,8.26728573715068e-05,3.40788973076161e-05
A,37,4,fixed::wecheck,862,398.70161968997786,0.0,0.0,0.0,8.193038894498846e-05,4.154060286061359e-05
A,37,4,fixed::factcg,862,443.910242213681,0.0,0.0,0.0,8.029697866453475e-05,3.886776041723528e-05
A,37,4,fixed::minicheck_dbta,862,451.1713058386039,0.0,0.0,0.0,8.001971572287502e-05,3.7568436450435156e-05
A,37,4,fixed::minicheck_ft5,862,456.1971312229686,0.0,0.0,0.0,8.414037244204268e-05,3.9368923650860027e-05
A,37,4,fixed::alignscore,862,737.9270476861244,0.0,0.0,0.0,8.053943180433732e-05,4.1875870884320504e-05
A,37,4,fixed::lettuce_v2,862,76.15036201459927,0.0,0.0,0.0,7.964848995040195e-05,2.7008118321838207e-05
A,37,4,fixed::granite_guardian_3_1_2b,862,176.782238809115,0.0,0.0,0.0,8.193155377346962e-05,3.938747649869758e-05
A,37,4,fixed::granite_guardian_3_2_3b_a800m,862,247.4008057160255,0.0,0.0,0.0,8.597794845657048e-05,3.3819022385312756e-05
A,37,4,fixed::granite_guardian_3_2_8b_factuality,862,1006.4920410293405,0.0,0.0,0.0,8.033526607026322e-05,2.9458242183304855e-05
A,37,4,fixed::granite_guardian_4_1_3b_factuality_lora,862,448.15763811333153,0.0,0.0,0.0,7.97958323124822e-05,3.350348891949674e-05
A,37,4,fixed::qwen30_fast,862,270.64032533469805,0.0,0.0,0.0,8.115197965127617e-05,3.370880260047981e-05
A,37,4,fixed::qwen30_judge,862,643.1962803607223,0.0,0.0,0.0,7.849769005573543e-05,2.7118338106671163e-05
A,37,5,OURS,850,73.93426221935763,27.85867791811196,0.4783696400152301,0.0001731400056194295,0.00017472116536844303,3.41647126547554e-05
A,37,5,OURS_legacy_hp,850,62.043663810644134,27.85867791811196,0.5013047247227993,0.00017441999208291664,0.00017442117335603516,3.4710580674821836e-05
A,37,5,fixed::factcc,850,40.53715606336482,0.0,0.0,0.0,8.581764311255778e-05,3.561411765130127e-05
A,37,5,fixed::factkb,850,41.07578127692892,0.0,0.0,0.0,8.630588554831989e-05,3.1962340204593016e-05
A,37,5,fixed::hhem,850,139.9518149635782,0.0,0.0,0.0,8.1940002821605e-05,3.1210588263895584e-05
A,37,5,fixed::wecheck,850,318.9351457328645,0.0,0.0,0.0,8.429176352151176e-05,4.2936470195212786e-05
A,37,5,fixed::factcg,850,342.1752308830893,0.0,0.0,0.0,8.325647179256467e-05,4.054588156149668e-05
A,37,5,fixed::minicheck_dbta,850,409.06125654117204,0.0,0.0,0.0,8.222236133673611e-05,3.7572942400241596e-05
A,37,5,fixed::minicheck_ft5,850,381.6629487378797,0.0,0.0,0.0,8.150587639059214e-05,3.510587917202536e-05
A,37,5,fixed::alignscore,850,623.4876206850373,0.0,0.0,0.0,8.212705485194045e-05,3.8851764710510475e-05
A,37,5,fixed::lettuce_v2,850,64.76767022337299,0.0,0.0,0.0,8.290000122917049e-05,3.4371760728604655e-05
A,37,5,fixed::granite_guardian_3_1_2b,850,167.5888709005256,0.0,0.0,0.0,7.960471146575669e-05,4.088470150771387e-05
A,37,5,fixed::granite_guardian_3_2_3b_a800m,850,237.3726266389028,0.0,0.0,0.0,8.077293922028998e-05,4.0959994829095464e-05
A,37,5,fixed::granite_guardian_3_2_8b_factuality,850,983.2895956551724,0.0,0.0,0.0,8.325647179256467e-05,3.0550581868737936e-05
A,37,5,fixed::granite_guardian_4_1_3b_factuality_lora,850,437.4317005640992,0.0,0.0,0.0,8.26364746043349e-05,4.022587638567476e-05
A,37,5,fixed::qwen30_fast,850,260.5288541087237,0.0,0.0,0.0,8.141294957193382e-05,3.2696475767913984e-05
A,37,5,fixed::qwen30_judge,850,639.8680792432895,0.0,0.0,0.0,8.045176989124978e-05,2.8236467829521964e-05
A,37,6,OURS,814,74.19704742561906,56.024044903414406,0.49998677641090983,0.00017763267277513405,0.0001824889543720267,3.400614544639423e-05
A,37,6,OURS_legacy_hp,814,91.92880079820517,56.024044903414406,0.5076087518430404,0.00017749632454731247,0.00018502456303090954,3.3297302705952e-05
A,37,6,fixed::factcc,814,48.30706718529223,0.0,0.0,0.0,8.707615794014433e-05,3.5479106752691604e-05
A,37,6,fixed::factkb,814,48.6099217249354,0.0,0.0,0.0,9.08304626838343e-05,3.174448463635597e-05
A,37,6,fixed::hhem,814,161.80807445820417,0.0,0.0,0.0,8.752948406589485e-05,3.217689461859643e-05
A,37,6,fixed::wecheck,814,380.0456954389184,0.0,0.0,0.0,8.55626693711655e-05,4.1082309197442244e-05
A,37,6,fixed::factcg,814,593.1314225864573,0.0,0.0,0.0,8.650736397599083e-05,3.691400782861896e-05
A,37,6,fixed::minicheck_dbta,814,562.6533336037711,0.0,0.0,0.0,8.489558740956045e-05,3.65602032164757e-05
A,37,6,fixed::minicheck_ft5,814,528.7419391286641,0.0,0.0,0.0,8.43648715528227e-05,3.9233411496381574e-05
A,37,6,fixed::alignscore,814,745.3614005322911,0.0,0.0,0.0,8.521008039813224e-05,3.978502561958365e-05
A,37,6,fixed::lettuce_v2,814,88.29849353349735,0.0,0.0,0.0,8.668427522058532e-05,2.6240785828166864e-05
A,37,6,fixed::granite_guardian_3_1_2b,814,194.72015212580027,0.0,0.0,0.0,8.493488115608619e-05,4.117936367873807e-05
A,37,6,fixed::granite_guardian_3_2_3b_a800m,814,255.4038296867973,0.0,0.0,0.0,8.450121978064427e-05,3.974446260281072e-05
A,37,6,fixed::granite_guardian_3_2_8b_factuality,814,1054.1432271264603,0.0,0.0,0.0,8.524939202170371e-05,3.062531006515612e-05
A,37,6,fixed::granite_guardian_4_1_3b_factuality_lora,814,467.6876024808091,0.0,0.0,0.0,8.312531295564273e-05,3.2746922098905655e-05
A,37,6,fixed::qwen30_fast,814,299.6935912272641,0.0,0.0,0.0,8.715601470344299e-05,3.209950488760921e-05
A,37,6,fixed::qwen30_judge,814,664.9327648231026,0.0,0.0,0.0,8.574079625486998e-05,2.8443488141370785e-05
A,37,7,OURS,822,82.06487599843285,31.983491829953355,0.533447852797966,0.00018226884579095637,0.00018065329995164942,3.219586459992322e-05
A,37,7,OURS_legacy_hp,822,81.76050153482335,31.983491829953355,0.520353159350156,0.0001835547429520791,0.0001859294314055257,3.5036497589635804e-05
A,37,7,fixed::factcc,822,45.22367620319066,0.0,0.0,0.0,8.716423731804837e-05,3.2895383308358364e-05
A,37,7,fixed::factkb,822,45.24360594368419,0.0,0.0,0.0,8.667761560783261e-05,3.186375519641451e-05
A,37,7,fixed::hhem,822,124.0183459144834,0.0,0.0,0.0,8.599512724301023e-05,3.544526124246183e-05
A,37,7,fixed::wecheck,822,291.76827578969954,0.0,0.0,0.0,9.107664895953198e-05,3.9592468567246936e-05
A,37,7,fixed::factcg,822,408.40330367394915,0.0,0.0,0.0,8.453650132655517e-05,3.4667884476636956e-05
A,37,7,fixed::minicheck_dbta,822,472.8527394421637,0.0,0.0,0.0,8.582117697654559e-05,3.896836489393691e-05
A,37,7,fixed::minicheck_ft5,822,418.3153261800839,0.0,0.0,0.0,8.671654463652747e-05,4.105229829177442e-05
A,37,7,fixed::alignscore,822,699.6800432923415,0.0,0.0,0.0,8.763138566238674e-05,4.229806261612986e-05
A,37,7,fixed::lettuce_v2,822,69.41191562219299,0.0,0.0,0.0,8.552920040980416e-05,2.767884035406684e-05
A,37,7,fixed::granite_guardian_3_1_2b,822,180.37124599476425,0.0,0.0,0.0,8.578224794785073e-05,4.206326693282837e-05
A,37,7,fixed::granite_guardian_3_2_3b_a800m,822,242.6123191502541,0.0,0.0,0.0,8.568491652458362e-05,3.7568123668994204e-05
A,37,7,fixed::granite_guardian_3_2_8b_factuality,822,1028.1208996286623,0.0,0.0,0.0,8.3757903049598e-05,3.075547283515334e-05
A,37,7,fixed::granite_guardian_4_1_3b_factuality_lora,822,452.83050354692796,0.0,0.0,0.0,8.383576110698772e-05,3.715815620809576e-05
A,37,7,fixed::qwen30_fast,822,279.08681442926684,0.0,0.0,0.0,8.759245663369188e-05,3.4763994388771756e-05
A,37,7,fixed::qwen30_judge,822,647.8456505411064,0.0,0.0,0.0,8.802067594933539e-05,2.9664238520564823e-05
A,37,8,OURS,805,112.50579163557937,45.853950142005736,0.4904915229959691,0.00017924100140352613,0.00018683478730782774,3.492174039577475e-05
A,37,8,OURS_legacy_hp,805,100.50891104732027,45.853950142005736,0.5090609515521108,0.00018554161915914242,0.00018836523302084542,3.48037162286617e-05
A,37,8,fixed::factcc,805,54.33813448115367,0.0,0.0,0.0,8.699626615560203e-05,3.722732415226121e-05
A,37,8,fixed::factkb,805,54.76242088837844,0.0,0.0,0.0,8.592423288764791e-05,3.205962270868491e-05
A,37,8,fixed::hhem,805,189.45352622782897,0.0,0.0,0.0,9.069440493024654e-05,3.746584902361313e-05
A,37,8,fixed::wecheck,805,625.0231157456487,0.0,0.0,0.0,8.278260996669345e-05,3.955279251340754e-05
A,37,8,fixed::factcg,805,688.6283363479548,0.0,0.0,0.0,8.443353830703668e-05,4.026833097363666e-05
A,37,8,fixed::minicheck_dbta,805,642.155927639514,0.0,0.0,0.0,8.321987242316422e-05,3.909564545227689e-05
A,37,8,fixed::minicheck_ft5,805,611.6724645360287,0.0,0.0,0.0,8.497018763298018e-05,4.007080454171074e-05
A,37,8,fixed::alignscore,805,842.7088445271236,0.0,0.0,0.0,8.351926226168871e-05,4.2177632636165025e-05
A,37,8,fixed::lettuce_v2,805,102.03594788106344,0.0,0.0,0.0,8.552670348667025e-05,3.0231070617988984e-05
A,37,8,fixed::granite_guardian_3_1_2b,805,200.5667126270789,0.0,0.0,0.0,8.188944775611162e-05,3.961365748058009e-05
A,37,8,fixed::granite_guardian_3_2_3b_a800m,805,261.6851264299241,0.0,0.0,0.0,8.308198172830462e-05,3.768447121339185e-05
A,37,8,fixed::granite_guardian_3_2_8b_factuality,805,1071.670519840623,0.0,0.0,0.0,8.457267630891586e-05,3.120621163050951e-05
A,37,8,fixed::granite_guardian_4_1_3b_factuality_lora,805,479.37136832335443,0.0,0.0,0.0,9.039626239874163e-05,3.845962733377396e-05
A,37,8,fixed::qwen30_fast,805,308.2799520142888,0.0,0.0,0.0,8.479006926858832e-05,3.402731280126002e-05
A,37,8,fixed::qwen30_judge,805,681.178241877445,0.0,0.0,0.0,8.361863105424813e-05,2.9059632403648787e-05
A,37,9,OURS,804,74.18137536926713,22.6158132608366,0.4900080398080143,0.00018451989594202916,0.00018270896077017063,3.705473268631642e-05
A,37,9,OURS_legacy_hp,804,78.55012249370222,22.6158132608366,0.4672886268655649,0.0005878470227034271,0.00019218160600554366,9.46281002301593e-05
A,37,9,fixed::factcc,804,40.41538909302801,0.0,0.0,0.0,8.969279284130282e-05,3.460697022924635e-05
A,37,9,fixed::factkb,804,39.41406696450298,0.0,0.0,0.0,8.712437980349607e-05,3.894651786479821e-05
A,37,9,fixed::hhem,804,126.97122315387502,0.0,0.0,0.0,8.63084589844727e-05,3.572140440381878e-05
A,37,9,fixed::wecheck,804,299.16882797025477,0.0,0.0,0.0,8.849875751850358e-05,4.497513743186954e-05
A,37,9,fixed::factcg,804,335.2923116202765,0.0,0.0,0.0,8.839924703352153e-05,3.986068221101009e-05
A,37,9,fixed::minicheck_dbta,804,381.4858803814071,0.0,0.0,0.0,8.66480036731346e-05,3.401119237654467e-05
A,37,9,fixed::minicheck_ft5,804,406.8358648426565,0.0,0.0,0.0,8.642909146581235e-05,4.015919556655916e-05
A,37,9,fixed::alignscore,804,558.8974589783123,0.0,0.0,0.0,9.442909735959227e-05,4.107462687056456e-05
A,37,9,fixed::lettuce_v2,804,64.14237974856057,0.0,0.0,0.0,9.263805342509194e-05,3.0348254500920722e-05
A,37,9,fixed::granite_guardian_3_1_2b,804,162.48742416683487,0.0,0.0,0.0,8.624999793200054e-05,4.111442744467797e-05
A,37,9,fixed::granite_guardian_3_2_3b_a800m,804,229.78691954508284,0.0,0.0,0.0,8.734452276981775e-05,3.928358293606422e-05
A,37,9,fixed::granite_guardian_3_2_8b_factuality,804,984.4128233797264,0.0,0.0,0.0,8.818035292559633e-05,3.2538553034951587e-05
A,37,9,fixed::granite_guardian_4_1_3b_factuality_lora,804,433.15293502621614,0.0,0.0,0.0,8.587188342822465e-05,3.846766211704087e-05
A,37,9,fixed::qwen30_fast,804,253.85207151970943,0.0,0.0,0.0,8.585199219086648e-05,3.389054179580799e-05
A,37,9,fixed::qwen30_judge,804,609.9963592360967,0.0,0.0,0.0,8.899627374461968e-05,3.0249992874335145e-05
A,53,0,OURS,910,62.01558459030751,24.020329493470236,0.3875478835083073,0.0001582252769986843,0.0001667362604556339,3.2932967060133e-05
A,53,0,OURS_legacy_hp,910,62.99828280493934,24.020329493470236,0.47666008459790454,0.0005484362590832861,0.0001636417557045326,8.277802607863323e-05
A,53,0,fixed::factcc,910,37.84458585205657,0.0,0.0,0.0,8.065055206336163e-05,3.5412085708230734e-05
A,53,0,fixed::factkb,910,36.94730859120622,0.0,0.0,0.0,7.991318573028996e-05,2.936373405915859e-05
A,53,0,fixed::hhem,910,104.0606435321164,0.0,0.0,0.0,8.515275472386198e-05,3.187801717053894e-05
A,53,0,fixed::wecheck,910,257.7595525603501,0.0,0.0,0.0,7.711757092153306e-05,3.977142374164292e-05
A,53,0,fixed::factcg,910,284.6374894746267,0.0,0.0,0.0,8.080988753955443e-05,4.0298906681997764e-05
A,53,0,fixed::minicheck_dbta,910,349.96954038627905,0.0,0.0,0.0,7.836593335473931e-05,3.4796699605227174e-05
A,53,0,fixed::minicheck_ft5,910,335.0534147380501,0.0,0.0,0.0,7.95263766341812e-05,3.9683504587878567e-05
A,53,0,fixed::alignscore,910,549.6488191637692,0.0,0.0,0.0,7.826042397377583e-05,3.755714995070146e-05
A,53,0,fixed::lettuce_v2,910,55.932032763555,0.0,0.0,0.0,7.697582567253939e-05,2.5635165581991384e-05
A,53,0,fixed::granite_guardian_3_1_2b,910,162.8770186102394,0.0,0.0,0.0,7.857583273857177e-05,3.606154887865369e-05
A,53,0,fixed::granite_guardian_3_2_3b_a800m,910,231.19441898441158,0.0,0.0,0.0,8.641869139315171e-05,3.6765941531284826e-05
A,53,0,fixed::granite_guardian_3_2_8b_factuality,910,973.7973561646688,0.0,0.0,0.0,7.838352358193842e-05,3.004836169286416e-05
A,53,0,fixed::granite_guardian_4_1_3b_factuality_lora,910,429.7755477843156,0.0,0.0,0.0,8.214615313540939e-05,3.627363904532823e-05
A,53,0,fixed::qwen30_fast,910,253.52703023594447,0.0,0.0,0.0,7.913956753807245e-05,3.191319762493719e-05
A,53,0,fixed::qwen30_judge,910,636.1621096303909,0.0,0.0,0.0,8.311318387123909e-05,2.7042863491390434e-05
A,53,1,OURS,893,64.7708261714404,23.956994160970417,0.3828236517309465,0.000569161254764521,0.0001680817420376425,8.243673013300037e-05
A,53,1,OURS_legacy_hp,893,72.42195230283204,23.956994160970417,0.45439601343759717,0.00016482082567900454,0.00016856663205951853,3.2896975374468765e-05
A,53,1,fixed::factcc,893,39.45020144718099,0.0,0.0,0.0,8.270549243743649e-05,3.477826261890829e-05
A,53,1,fixed::factkb,893,40.342530773009806,0.0,0.0,0.0,7.989361591758113e-05,3.40078421842311e-05
A,53,1,fixed::hhem,893,158.34297107724646,0.0,0.0,0.0,8.012654433446162e-05,3.286114148691313e-05
A,53,1,fixed::wecheck,893,327.4238903645409,0.0,0.0,0.0,8.139865549045541e-05,4.113774289338446e-05
A,53,1,fixed::factcg,893,341.52238105609126,0.0,0.0,0.0,8.143448937801104e-05,3.922172985795764e-05
A,53,1,fixed::minicheck_dbta,893,412.57791007445394,0.0,0.0,0.0,8.059238487268482e-05,4.033147227561387e-05
A,53,1,fixed::minicheck_ft5,893,400.5819607001934,0.0,0.0,0.0,7.820828251482258e-05,4.208734906137757e-05
A,53,1,fixed::alignscore,893,638.1932579851496,0.0,0.0,0.0,7.942665098725181e-05,4.1531915656496405e-05
A,53,1,fixed::lettuce_v2,893,64.73246414575742,0.0,0.0,0.0,7.804814626515946e-05,2.827435499317902e-05
A,53,1,fixed::granite_guardian_3_1_2b,893,167.57599017812274,0.0,0.0,0.0,7.758230572693626e-05,4.541993319512682e-05
A,53,1,fixed::granite_guardian_3_2_3b_a800m,893,237.0755049414502,0.0,0.0,0.0,7.78689768273813e-05,3.581746165355937e-05
A,53,1,fixed::granite_guardian_3_2_8b_factuality,893,979.2412473368242,0.0,0.0,0.0,7.97502803673586e-05,2.9743560678497675e-05
A,53,1,fixed::granite_guardian_4_1_3b_factuality_lora,893,436.2753383509715,0.0,0.0,0.0,8.181075334511405e-05,3.4078385567236255e-05
A,53,1,fixed::qwen30_fast,893,257.1394394614269,0.0,0.0,0.0,8.052071709757356e-05,3.121164197171022e-05
A,53,1,fixed::qwen30_judge,893,638.3250371823119,0.0,0.0,0.0,8.320829125532144e-05,2.683985880330989e-05
A,53,2,OURS,884,60.096103188632334,23.70235225395734,0.4727844581415148,0.0005817805500901241,0.00016955769809418066,0.00010282465607576848
A,53,2,OURS_legacy_hp,884,68.63841851252685,23.70235225395734,0.4778970520518303,0.00016667985932046034,0.0001811606281940568,3.372059017735875e-05
A,53,2,fixed::factcc,884,37.387507111425414,0.0,0.0,0.0,9.002828785129801e-05,3.326809804410383e-05
A,53,2,fixed::factkb,884,35.633359956998866,0.0,0.0,0.0,8.338573362417014e-05,3.598189854265372e-05
A,53,2,fixed::hhem,884,111.23840827583093,0.0,0.0,0.0,8.074321117193113e-05,3.3429864640200164e-05
A,53,2,fixed::wecheck,884,268.6678025278179,0.0,0.0,0.0,7.965611396631335e-05,3.9765824499535814e-05
A,53,2,fixed::factcg,884,307.40602177825764,0.0,0.0,0.0,7.991064079126925e-05,3.951244997555955e-05
A,53,2,fixed::minicheck_dbta,884,324.8959391444568,0.0,0.0,0.0,8.063461503532306e-05,3.703279703606881e-05
A,53,2,fixed::minicheck_ft5,884,335.8872871097887,0.0,0.0,0.0,8.056109823282319e-05,4.2408379874659945e-05
A,53,2,fixed::alignscore,884,540.363026004244,0.0,0.0,0.0,8.22092672468614e-05,4.168325332962651e-05
A,53,2,fixed::lettuce_v2,884,52.33470750750728,0.0,0.0,0.0,7.925904751017824e-05,2.698754740044542e-05
A,53,2,fixed::granite_guardian_3_1_2b,884,157.31086249931292,0.0,0.0,0.0,8.143100316522482e-05,4.0434389527912394e-05
A,53,2,fixed::granite_guardian_3_2_3b_a800m,884,227.28823873459237,0.0,0.0,0.0,7.944005753263427e-05,3.122172673439346e-05
A,53,2,fixed::granite_guardian_3_2_8b_factuality,884,956.1166062895646,0.0,0.0,0.0,8.394682189403312e-05,3.1402703833964345e-05
A,53,2,fixed::granite_guardian_4_1_3b_factuality_lora,884,420.7546263456129,0.0,0.0,0.0,8.121381089200869e-05,3.596380741727365e-05
A,53,2,fixed::qwen30_fast,884,241.81286483409534,0.0,0.0,0.0,8.327715394900462e-05,3.276131607326616e-05
A,53,2,fixed::qwen30_judge,884,617.64207570354,0.0,0.0,0.0,8.481560744834027e-05,2.8361979086053184e-05
A,53,3,OURS,874,72.9079947145765,27.740078908228128,0.47445789016026674,0.0006212231092255144,0.00017268879344959655,0.00010537414772124871
A,53,3,OURS_legacy_hp,874,73.04755134729922,27.740078908228128,0.42403679978032116,0.0001695206050773831,0.0001720469107998437,3.3208236441408334e-05
A,53,3,fixed::factcc,874,40.441966357412355,0.0,0.0,0.0,8.14473692293639e-05,3.895652600301928e-05
A,53,3,fixed::factkb,874,40.78792010751517,0.0,0.0,0.0,8.369908663838487e-05,3.511327195239149e-05
A,53,3,fixed::hhem,874,153.3501020875305,0.0,0.0,0.0,7.892104685711472e-05,3.2530889741957054e-05
A,53,3,fixed::wecheck,874,333.8042879715901,0.0,0.0,0.0,8.131806697116769e-05,3.833410695612908e-05
A,53,3,fixed::factcg,874,358.448756274532,0.0,0.0,0.0,8.247139782685301e-05,3.95423321647983e-05
A,53,3,fixed::minicheck_dbta,874,432.01234947213527,0.0,0.0,0.0,8.192333673580936e-05,3.500228446164516e-05
A,53,3,fixed::minicheck_ft5,874,408.819666675447,0.0,0.0,0.0,8.54748365409604e-05,4.111670287436799e-05
A,53,3,fixed::alignscore,874,626.8988143083855,0.0,0.0,0.0,8.009152699504857e-05,3.946910639457592e-05
A,53,3,fixed::lettuce_v2,874,68.80797279709087,0.0,0.0,0.0,8.122767526890819e-05,2.504461199829453e-05
A,53,3,fixed::granite_guardian_3_1_2b,874,169.87646227721547,0.0,0.0,0.0,8.181236589485162e-05,3.758353448645542e-05
A,53,3,fixed::granite_guardian_3_2_3b_a800m,874,240.1307935307873,0.0,0.0,0.0,8.152059499958628e-05,3.6942800672115326e-05
A,53,3,fixed::granite_guardian_3_2_8b_factuality,874,982.5142475030664,0.0,0.0,0.0,8.109840631028914e-05,3.0974833799837244e-05
A,53,3,fixed::granite_guardian_4_1_3b_factuality_lora,874,438.0261419224153,0.0,0.0,0.0,8.33329411374844e-05,3.668651047633701e-05
A,53,3,fixed::qwen30_fast,874,261.68770808283665,0.0,0.0,0.0,8.102631272569094e-05,3.309839778607477e-05
A,53,3,fixed::qwen30_judge,874,638.3910775167649,0.0,0.0,0.0,8.587642944177071e-05,2.850343908014914e-05
A,53,4,OURS,844,101.91423149736129,60.77754165603028,0.4679380047392438,0.0005643459625091951,0.00017964097966938788,8.297629651097113e-05
A,53,4,OURS_legacy_hp,844,104.47269835697224,60.77754165603028,0.4580950995375318,0.0005481753536109411,0.00017393600820206213,9.541351155607444e-05
A,53,4,fixed::factcc,844,67.25518946079052,0.0,0.0,0.0,8.062678289939584e-05,2.9213262928243708e-05
A,53,4,fixed::factkb,844,62.89182266913425,0.0,0.0,0.0,8.216232030489151e-05,3.512915095835218e-05
A,53,4,fixed::hhem,844,227.2772298966754,0.0,0.0,0.0,8.182109168607089e-05,3.2853086587147546e-05
A,53,4,fixed::wecheck,844,489.24886245578165,0.0,0.0,0.0,8.246563463273207e-05,3.744075027894741e-05
A,53,4,fixed::factcg,844,625.4524553755822,0.0,0.0,0.0,8.149881159193744e-05,3.509123666737211e-05
A,53,4,fixed::minicheck_dbta,844,680.5936820830659,0.0,0.0,0.0,7.93554558599659e-05,3.909004779898902e-05
A,53,4,fixed::minicheck_ft5,844,647.2445766613802,0.0,0.0,0.0,8.039929715351542e-05,3.8255916155821764e-05
A,53,4,fixed::alignscore,844,948.447434172983,0.0,0.0,0.0,8.199171461628406e-05,4.041823765408619e-05
A,53,4,fixed::lettuce_v2,844,108.50034477682983,0.0,0.0,0.0,8.10438401001766e-05,2.830331994472204e-05
A,53,4,fixed::granite_guardian_3_1_2b,844,211.66932161297964,0.0,0.0,0.0,7.907226248600154e-05,3.6720378750326086e-05
A,53,4,fixed::granite_guardian_3_2_3b_a800m,844,276.28558631109814,0.0,0.0,0.0,7.939335290934025e-05,3.8388624795054865e-05
A,53,4,fixed::granite_guardian_3_2_8b_factuality,844,1094.2750222054344,0.0,0.0,0.0,8.20675431982442e-05,3.0028446046723785e-05
A,53,4,fixed::granite_guardian_4_1_3b_factuality_lora,844,490.6474916796215,0.0,0.0,0.0,7.749881078952579e-05,3.679739700308096e-05
A,53,4,fixed::qwen30_fast,844,323.6405358280682,0.0,0.0,0.0,8.028553703896948e-05,3.107108042787284e-05
A,53,4,fixed::qwen30_judge,844,684.3496419386486,0.0,0.0,0.0,8.748932129160559e-05,2.815166278080176e-05
A,53,5,OURS,848,71.93530222190569,26.062798916153145,0.4677356745096919,0.0006908561394907938,0.00017473821400308911,9.403773665841106e-05
A,53,5,OURS_legacy_hp,848,72.48767131160042,26.062798916153145,0.4704945896384811,0.00017318985933429158,0.00017805896792231338,3.562264231182986e-05
A,53,5,fixed::factcc,848,42.06497390894686,0.0,0.0,0.0,8.347287459984281e-05,3.0301875222852136e-05
A,53,5,fixed::factkb,848,42.954004635317204,0.0,0.0,0.0,8.537735650535533e-05,3.252830109251487e-05
A,53,5,fixed::hhem,848,121.67832796471627,0.0,0.0,0.0,8.100117688541705e-05,3.194457709675057e-05
A,53,5,fixed::wecheck,848,304.35753003333065,0.0,0.0,0.0,8.303890834487799e-05,3.854834948521424e-05
A,53,5,fixed::factcg,848,367.691202966973,0.0,0.0,0.0,8.077358012636771e-05,3.701887112154784e-05
A,53,5,fixed::minicheck_dbta,848,463.52928600050666,0.0,0.0,0.0,8.166155584029116e-05,3.5905666766855164e-05
A,53,5,fixed::minicheck_ft5,848,441.2575262921787,0.0,0.0,0.0,8.252830429108076e-05,3.7132077471502476e-05
A,53,5,fixed::alignscore,848,621.4149866063276,0.0,0.0,0.0,8.171698353626712e-05,3.9150949786109674e-05
A,53,5,fixed::lettuce_v2,848,70.157644159375,0.0,0.0,0.0,8.149055367608046e-05,2.673584945886484e-05
A,53,5,fixed::granite_guardian_3_1_2b,848,175.55342516782233,0.0,0.0,0.0,7.98502370807395e-05,4.14150939454799e-05
A,53,5,fixed::granite_guardian_3_2_3b_a800m,848,242.61461216715446,0.0,0.0,0.0,7.911437006561823e-05,3.5472884571030385e-05
A,53,5,fixed::granite_guardian_3_2_8b_factuality,848,1012.569542514853,0.0,0.0,0.0,8.054716742645844e-05,2.8339631823638348e-05
A,53,5,fixed::granite_guardian_4_1_3b_factuality_lora,848,448.69242227654263,0.0,0.0,0.0,8.222758759006436e-05,3.415094260214213e-05
A,53,5,fixed::qwen30_fast,848,272.5672807728703,0.0,0.0,0.0,8.545401146446513e-05,3.25672206016398e-05
A,53,5,fixed::qwen30_judge,848,627.0313242878059,0.0,0.0,0.0,8.498112570037538e-05,2.788678926354239e-05
A,53,6,OURS,822,71.88349780923298,36.020735112511595,0.47640001215493877,0.00017845376557273985,0.00018051824330775988,3.3597309632938345e-05
A,53,6,OURS_legacy_hp,822,72.84536983148216,36.020735112511595,0.4677053844304687,0.00017561192877495484,0.0001857542419248689,3.566058355988595e-05
A,53,6,fixed::factcc,822,42.13866494681546,0.0,0.0,0.0,8.601582212001991e-05,3.384915336291249e-05
A,53,6,fixed::factkb,822,42.72997047908779,0.0,0.0,0.0,8.990876039562615e-05,3.5310204598572275e-05
A,53,6,fixed::hhem,822,171.9516095538355,0.0,0.0,0.0,8.541119181258726e-05,3.606812570157966e-05
A,53,6,fixed::wecheck,822,351.15285464617,0.0,0.0,0.0,8.648295276129841e-05,4.110949687827424e-05
A,53,6,fixed::factcg,822,555.358723417653,0.0,0.0,0.0,8.648297046435829e-05,3.972871131614902e-05
A,53,6,fixed::minicheck_dbta,822,504.35727348734844,0.0,0.0,0.0,8.893553467825454e-05,4.0233567178049954e-05
A,53,6,fixed::minicheck_ft5,822,463.8648170864815,0.0,0.0,0.0,8.52761528717576e-05,4.0622875168058484e-05
A,53,6,fixed::alignscore,822,713.2606858651649,0.0,0.0,0.0,8.720316634674324e-05,4.147931379934551e-05
A,53,6,fixed::lettuce_v2,822,73.15333095988018,0.0,0.0,0.0,8.517761764041807e-05,2.9586380463175095e-05
A,53,6,fixed::granite_guardian_3_1_2b,822,169.8367490675759,0.0,0.0,0.0,8.552797889867186e-05,3.480292341746662e-05
A,53,6,fixed::granite_guardian_3_2_3b_a800m,822,237.54312785467957,0.0,0.0,0.0,8.543186898653705e-05,3.9923356459623344e-05
A,53,6,fixed::granite_guardian_3_2_8b_factuality,822,991.9545134458872,0.0,0.0,0.0,8.782603080586106e-05,3.0794419566908096e-05
A,53,6,fixed::granite_guardian_4_1_3b_factuality_lora,822,441.554906710164,0.0,0.0,0.0,8.566423935063382e-05,3.552311929985156e-05
A,53,6,fixed::qwen30_fast,822,261.57408296159633,0.0,0.0,0.0,8.580048209953591e-05,3.571776444332588e-05
A,53,6,fixed::qwen30_judge,822,638.223766289101,0.0,0.0,0.0,8.539173614976977e-05,2.9294403896433667e-05
A,53,7,OURS,811,96.91688008724141,34.58002390230948,0.49957579533476504,0.0006349963086063523,0.00018472256814732542,9.38310723696662e-05
A,53,7,OURS_legacy_hp,811,86.44460954886554,34.58002390230948,0.4242647669416463,0.00017716644579285134,0.00018687176580728019,3.661651238362717e-05
A,53,7,fixed::factcc,811,49.256645225463025,0.0,0.0,0.0,8.499136702163299e-05,6.208631153185145e-05
A,53,7,fixed::factkb,811,48.46475591417115,0.0,0.0,0.0,8.465597318754097e-05,3.405178666835979e-05
A,53,7,fixed::hhem,811,157.94333450614047,0.0,0.0,0.0,8.31380882099473e-05,3.192108842221568e-05
A,53,7,fixed::wecheck,811,554.1914090895009,0.0,0.0,0.0,8.321578215931699e-05,3.9496912383250476e-05
A,53,7,fixed::factcg,811,528.0170468969498,0.0,0.0,0.0,8.37496813425723e-05,4.024785221583048e-05
A,53,7,fixed::minicheck_dbta,811,564.6704746391662,0.0,0.0,0.0,8.398520346253228e-05,3.632059353535809e-05
A,53,7,fixed::minicheck_ft5,811,481.74638547842005,0.0,0.0,0.0,8.337484840900808e-05,3.770159002802301e-05
A,53,7,fixed::alignscore,811,748.7304736519535,0.0,0.0,0.0,8.438099402493341e-05,4.0404424364144575e-05
A,53,7,fixed::lettuce_v2,811,79.20493804283397,0.0,0.0,0.0,8.298027798253239e-05,2.9139322057623605e-05
A,53,7,fixed::granite_guardian_3_1_2b,811,181.87232388206584,0.0,0.0,0.0,8.079038520082923e-05,3.805672135502651e-05
A,53,7,fixed::granite_guardian_3_2_3b_a800m,811,246.04691612543124,0.0,0.0,0.0,8.434155492546121e-05,4.091862194083916e-05
A,53,7,fixed::granite_guardian_3_2_8b_factuality,811,1027.3919713438465,0.0,0.0,0.0,8.37090041639993e-05,3.1230581204295524e-05
A,53,7,fixed::granite_guardian_4_1_3b_factuality_lora,811,454.7134890422669,0.0,0.0,0.0,8.226881313577533e-05,4.369913228315505e-05
A,53,7,fixed::qwen30_fast,811,282.99757471612713,0.0,0.0,0.0,8.15585684249437e-05,3.401232962571222e-05
A,53,7,fixed::qwen30_judge,811,627.565842092018,0.0,0.0,0.0,8.566337482574248e-05,2.9099865014976034e-05
A,53,8,OURS,816,81.36366147464643,30.74928209795925,0.4420912536814142,0.0005555943525727272,0.00017892401885154528,8.955023932845935e-05
A,53,8,OURS_legacy_hp,816,78.5395550043248,30.74928209795925,0.5383715244854957,0.0001795710797487831,0.000185511025312521,3.6549007585135237e-05
A,53,8,fixed::factcc,816,42.35356283046998,0.0,0.0,0.0,8.486396979481237e-05,3.3980380548575124e-05
A,53,8,fixed::factkb,816,43.58583653522467,0.0,0.0,0.0,8.502083088102404e-05,3.776469883650505e-05
A,53,8,fixed::hhem,816,153.46050664604763,0.0,0.0,0.0,8.378431041766067e-05,3.384313601475465e-05
A,53,8,fixed::wecheck,816,380.46842538574754,0.0,0.0,0.0,8.315686607281404e-05,4.023529661079759e-05
A,53,8,fixed::factcg,816,495.0594823463225,0.0,0.0,0.0,8.500123216186231e-05,3.996078970992719e-05
A,53,8,fixed::minicheck_dbta,816,466.1938959702193,0.0,0.0,0.0,8.362744933144902e-05,3.529411889544195e-05
A,53,8,fixed::minicheck_ft5,816,473.1872108130155,0.0,0.0,0.0,8.543260014894437e-05,4.0607832773935564e-05
A,53,8,fixed::alignscore,816,670.2902705316827,0.0,0.0,0.0,8.523529329834798e-05,4.223529329322571e-05
A,53,8,fixed::lettuce_v2,816,80.38879926272213,0.0,0.0,0.0,8.337377164257215e-05,2.7803912862687938e-05
A,53,8,fixed::granite_guardian_3_1_2b,816,174.37166989015276,0.0,0.0,0.0,8.368628115539311e-05,4.054901878322091e-05
A,53,8,fixed::granite_guardian_3_2_3b_a800m,816,240.54613318174447,0.0,0.0,0.0,8.227574403909053e-05,4.170710870347844e-05
A,53,8,fixed::granite_guardian_3_2_8b_factuality,816,1009.4715742545269,0.0,0.0,0.0,8.515686275524215e-05,3.2196076776302765e-05
A,53,8,fixed::granite_guardian_4_1_3b_factuality_lora,816,447.9404542215015,0.0,0.0,0.0,9.051102239812048e-05,3.6294117236656006e-05
A,53,8,fixed::qwen30_fast,816,269.74379495214976,0.0,0.0,0.0,8.26482802022285e-05,3.237253658167616e-05
A,53,8,fixed::qwen30_judge,816,633.4710093495803,0.0,0.0,0.0,8.221568172231462e-05,2.886274302784609e-05
A,53,9,OURS,810,102.89824364608424,47.14580182256292,0.5174781642078111,0.00018129505383793586,0.00018631233862474744,3.6030865481330286e-05
A,53,9,OURS_legacy_hp,810,100.65088357879165,47.14580182256292,0.4767639531048279,0.00018771605948446156,0.00018344938404352208,3.7254322245487096e-05
A,53,9,fixed::factcc,810,52.08616967343173,0.0,0.0,0.0,8.823826871697366e-05,3.363950074546867e-05
A,53,9,fixed::factkb,810,52.03655542623263,0.0,0.0,0.0,8.999630176450735e-05,3.209877629867858e-05
A,53,9,fixed::hhem,810,142.74095501100362,0.0,0.0,0.0,8.691357733267877e-05,3.713578701502195e-05
A,53,9,fixed::wecheck,810,349.032665176366,0.0,0.0,0.0,8.958024274626816e-05,4.252962506502683e-05
A,53,9,fixed::factcg,810,471.86953902580876,0.0,0.0,0.0,8.766542628614439e-05,4.6123463062592494e-05
A,53,9,fixed::minicheck_dbta,810,564.032134793075,0.0,0.0,0.0,8.72308629806395e-05,4.0632091249902674e-05
A,53,9,fixed::minicheck_ft5,810,547.6043507938609,0.0,0.0,0.0,8.675677595476125e-05,3.8954309320054305e-05
A,53,9,fixed::alignscore,810,742.6183027028821,0.0,0.0,0.0,8.596666085384326e-05,4.258765307266587e-05
A,53,9,fixed::lettuce_v2,810,87.63317208062357,0.0,0.0,0.0,8.70518384926757e-05,2.943209291976175e-05
A,53,9,fixed::granite_guardian_3_1_2b,810,206.450685025818,0.0,0.0,0.0,8.474196448209293e-05,4.1324690553463166e-05
A,53,9,fixed::granite_guardian_3_2_3b_a800m,810,263.37083521245887,0.0,0.0,0.0,8.491852772019712e-05,3.863702367209358e-05
A,53,9,fixed::granite_guardian_3_2_8b_factuality,810,1097.8723272902928,0.0,0.0,0.0,8.649999752962662e-05,3.1369132489931804e-05
A,53,9,fixed::granite_guardian_4_1_3b_factuality_lora,810,485.11377936796816,0.0,0.0,0.0,9.52901088713128e-05,3.6958038065306564e-05
A,53,9,fixed::qwen30_fast,810,314.789498388303,0.0,0.0,0.0,9.027284204982865e-05,3.304691441978017e-05
A,53,9,fixed::qwen30_judge,810,689.282789276726,0.0,0.0,0.0,9.058888809019585e-05,2.8821002306807557e-05
A,61,0,OURS,903,73.33634745332584,34.39513953088201,0.4140837807271471,0.0001608172761882807,0.0001717497127188384,3.150388121951458e-05
A,61,0,OURS_legacy_hp,903,89.03788421466763,34.39513953088201,0.46819960798398863,0.00016230453671588422,0.00017022480736955884,3.3524905353091486e-05
A,61,0,fixed::factcc,903,44.00399446581281,0.0,0.0,0.0,7.946844416921122e-05,3.5615723888500124e-05
A,61,0,fixed::factkb,903,44.081706891566306,0.0,0.0,0.0,8.418273290563561e-05,3.3081950210364884e-05
A,61,0,fixed::hhem,903,123.72278423989805,0.0,0.0,0.0,7.743188510066185e-05,3.4285714289798494e-05
A,61,0,fixed::wecheck,903,311.98092575037,0.0,0.0,0.0,7.783941930244499e-05,3.699778518840621e-05
A,61,0,fixed::factcg,903,424.32728576171445,0.0,0.0,0.0,7.89734212102024e-05,4.054152302068564e-05
A,61,0,fixed::minicheck_dbta,903,500.7615786112893,0.0,0.0,0.0,7.631562589353171e-05,3.3754158449479905e-05
A,61,0,fixed::minicheck_ft5,903,418.11181745102067,0.0,0.0,0.0,7.727242640610516e-05,3.7564778084746036e-05
A,61,0,fixed::alignscore,903,659.7894077388256,0.0,0.0,0.0,7.434882899665852e-05,3.908747566837079e-05
A,61,0,fixed::lettuce_v2,903,72.0756806784574,0.0,0.0,0.0,7.718384182359095e-05,2.6808414893928226e-05
A,61,0,fixed::granite_guardian_3_1_2b,903,179.73505902643743,0.0,0.0,0.0,7.355148717864176e-05,3.7634540256422226e-05
A,61,0,fixed::granite_guardian_3_2_3b_a800m,903,244.70375680808414,0.0,0.0,0.0,7.491583800807612e-05,3.660797757217258e-05
A,61,0,fixed::granite_guardian_3_2_8b_factuality,903,1015.4976213361786,0.0,0.0,0.0,7.670541739468757e-05,3.355924658382421e-05
A,61,0,fixed::granite_guardian_4_1_3b_factuality_lora,903,449.9169353467316,0.0,0.0,0.0,7.744961168621135e-05,3.4712070902419646e-05
A,61,0,fixed::qwen30_fast,903,276.25698436809404,0.0,0.0,0.0,7.611960208750973e-05,2.971428571782536e-05
A,61,0,fixed::qwen30_judge,903,658.5588668018813,0.0,0.0,0.0,7.652823211458138e-05,2.6454044333715838e-05
A,61,1,OURS,898,71.43558285561834,28.847446074778134,0.40673505235035573,0.00016286970221983033,0.0001666124775032938,3.435300444802456e-05
A,61,1,OURS_legacy_hp,898,74.13786323536898,28.847446074778134,0.46571204343197226,0.00016199777025692081,0.00016964031297833821,3.2285076824280295e-05
A,61,1,fixed::factcc,898,42.54926445991561,0.0,0.0,0.0,7.932406177594925e-05,4.4026738499397026e-05
A,61,1,fixed::factkb,898,43.8489867890262,0.0,0.0,0.0,7.658016690071714e-05,3.57416590399841e-05
A,61,1,fixed::hhem,898,144.23307485474385,0.0,0.0,0.0,7.706123895793821e-05,3.312361068330821e-05
A,61,1,fixed::wecheck,898,345.19602247082264,0.0,0.0,0.0,7.732850481301778e-05,4.329732779977648e-05
A,61,1,fixed::factcg,898,457.8143514082251,0.0,0.0,0.0,7.640089313883359e-05,4.028508134750454e-05
A,61,1,fixed::minicheck_dbta,898,479.54104406369447,0.0,0.0,0.0,7.5938764499098e-05,3.944766562004762e-05
A,61,1,fixed::minicheck_ft5,898,471.34440186931175,0.0,0.0,0.0,7.716815826381434e-05,3.709578119168568e-05
A,61,1,fixed::alignscore,898,666.0799547995027,0.0,0.0,0.0,7.583186139802725e-05,4.094544337141454e-05
A,61,1,fixed::lettuce_v2,898,77.67774278547833,0.0,0.0,0.0,7.648997095398986e-05,2.569265410569569e-05
A,61,1,fixed::granite_guardian_3_1_2b,898,180.8297900806914,0.0,0.0,0.0,7.837862481585059e-05,3.918039976496805e-05
A,61,1,fixed::granite_guardian_3_2_3b_a800m,898,247.26731513497495,0.0,0.0,0.0,7.779175158432439e-05,3.579508628331141e-05
A,61,1,fixed::granite_guardian_3_2_8b_factuality,898,1014.8360727590243,0.0,0.0,0.0,7.86102400991012e-05,2.7830732331916127e-05
A,61,1,fixed::granite_guardian_4_1_3b_factuality_lora,898,455.179721862149,0.0,0.0,0.0,7.545767623707154e-05,3.059242008345197e-05
A,61,1,fixed::qwen30_fast,898,277.33974007686487,0.0,0.0,0.0,7.878953006579012e-05,3.194766036672456e-05
A,61,1,fixed::qwen30_judge,898,651.6652141217005,0.0,0.0,0.0,7.625947380231025e-05,2.6850779136364867e-05
A,61,2,OURS,890,89.03450881673174,33.065598397800215,0.44081761685508736,0.0001654123561718407,0.00017486966222922287,3.2720226647981096e-05
A,61,2,OURS_legacy_hp,890,78.36138061584586,33.065598397800215,0.5518718527955673,0.00016519775629838865,0.00017087866049887758,3.3078661575662286e-05
A,61,2,fixed::factcc,890,52.37971979717912,0.0,0.0,0.0,8.83235852495673e-05,3.645954564674182e-05
A,61,2,fixed::factkb,890,48.181618477729295,0.0,0.0,0.0,7.931797718106026e-05,2.9069674332113412e-05
A,61,2,fixed::hhem,890,176.2455581067708,0.0,0.0,0.0,8.041460297248336e-05,3.0922476500482036e-05
A,61,2,fixed::wecheck,890,375.253077606596,0.0,0.0,0.0,7.95685480809195e-05,3.910112702235412e-05
A,61,2,fixed::factcg,890,453.35385352134404,0.0,0.0,0.0,8.541122379744153e-05,3.710561798194821e-05
A,61,2,fixed::minicheck_dbta,890,460.8673598656229,0.0,0.0,0.0,8.084494725204586e-05,3.683596608762661e-05
A,61,2,fixed::minicheck_ft5,890,442.88672776624634,0.0,0.0,0.0,7.906516626728385e-05,3.764493812105796e-05
A,61,2,fixed::alignscore,890,788.3667774464127,0.0,0.0,0.0,7.938990288340812e-05,3.940787812527478e-05
A,61,2,fixed::lettuce_v2,890,72.92193747812286,0.0,0.0,0.0,7.778989527834935e-05,2.6606738154012502e-05
A,61,2,fixed::granite_guardian_3_1_2b,890,172.180873724819,0.0,0.0,0.0,7.872471685280626e-05,3.705167779280396e-05
A,61,2,fixed::granite_guardian_3_2_3b_a800m,890,243.27644817838498,0.0,0.0,0.0,8.194268487519427e-05,3.724945303617736e-05
A,61,2,fixed::granite_guardian_3_2_8b_factuality,890,989.3373076733675,0.0,0.0,0.0,7.897527140219894e-05,2.7721349458639205e-05
A,61,2,fixed::granite_guardian_4_1_3b_factuality_lora,890,441.8589906035491,0.0,0.0,0.0,8.073819505594921e-05,3.7680892796998615e-05
A,61,2,fixed::qwen30_fast,890,266.36376099290163,0.0,0.0,0.0,7.859886731178071e-05,3.2683143789848584e-05
A,61,2,fixed::qwen30_judge,890,627.3031334154664,0.0,0.0,0.0,7.90842799626793e-05,2.7092134454444554e-05
A,61,3,OURS,875,76.56860773651195,36.019229345722124,0.4891147279912339,0.0004922011534550361,0.0001776845726583685,9.024114946701698e-05
A,61,3,OURS_legacy_hp,875,77.24669244130408,36.019229345722124,0.4741624011658132,0.00016386056917586496,0.00017353257031313011,3.2950857920306067e-05
A,61,3,fixed::factcc,875,45.98805901221931,0.0,0.0,0.0,7.853828304048096e-05,3.415771893092564e-05
A,61,3,fixed::factkb,875,43.28581624298489,0.0,0.0,0.0,7.888571625309331e-05,3.282286758933749e-05
A,61,3,fixed::hhem,875,147.35304081566366,0.0,0.0,0.0,7.956228884203094e-05,3.607887109475476e-05
A,61,3,fixed::wecheck,875,366.0758549447637,0.0,0.0,0.0,8.023886143096856e-05,3.8802274502813816e-05
A,61,3,fixed::factcg,875,382.69943871279247,0.0,0.0,0.0,7.729372009634972e-05,4.209371815834727e-05
A,61,3,fixed::minicheck_dbta,875,480.0567552495216,0.0,0.0,0.0,8.058629464358091e-05,3.717600234917232e-05
A,61,3,fixed::minicheck_ft5,875,446.9265183209042,0.0,0.0,0.0,7.839199887322528e-05,3.909599035978317e-05
A,61,3,fixed::alignscore,875,679.6033136968368,0.0,0.0,0.0,7.855542935431004e-05,4.147201044751065e-05
A,61,3,fixed::lettuce_v2,875,72.98695193084755,0.0,0.0,0.0,7.734969923538821e-05,2.6166854825403008e-05
A,61,3,fixed::granite_guardian_3_1_2b,875,176.58323642278887,0.0,0.0,0.0,7.564913747566087e-05,3.726629074662924e-05
A,61,3,fixed::granite_guardian_3_2_3b_a800m,875,243.80457574934033,0.0,0.0,0.0,7.764115330896207e-05,3.57302903596844e-05
A,61,3,fixed::granite_guardian_3_2_8b_factuality,875,1013.2052070543702,0.0,0.0,0.0,7.870286104402371e-05,3.0062859877943993e-05
A,61,3,fixed::granite_guardian_4_1_3b_factuality_lora,875,444.6711364169605,0.0,0.0,0.0,7.793370501271315e-05,3.393829268004213e-05
A,61,3,fixed::qwen30_fast,875,273.56664520548657,0.0,0.0,0.0,7.680000271648169e-05,3.293258071477924e-05
A,61,3,fixed::qwen30_judge,875,636.6836541105794,0.0,0.0,0.0,7.835542783141136e-05,2.7593142086906092e-05
A,61,4,OURS,855,88.11859476869539,37.00589427320431,0.5120727192911412,0.00016842339029916894,0.00017538361390235653,3.417075627989936e-05
A,61,4,OURS_legacy_hp,855,88.18038059030904,37.00589427320431,0.5326746947476532,0.0001718479580360285,0.00017925847406166862,4.889940494420933e-05
A,61,4,fixed::factcc,855,54.30266331001022,0.0,0.0,0.0,8.230292638600396e-05,3.3216371898109105e-05
A,61,4,fixed::factkb,855,53.86883070160041,0.0,0.0,0.0,8.74491303625424e-05,3.5985967291421015e-05
A,61,4,fixed::hhem,855,219.35307679616858,0.0,0.0,0.0,8.445497594054854e-05,3.409590327033871e-05
A,61,4,fixed::wecheck,855,424.70502237610964,0.0,0.0,0.0,8.486666749313212e-05,3.796960608434608e-05
A,61,4,fixed::factcg,855,487.3331523473832,0.0,0.0,0.0,8.522222779843717e-05,3.993450609520513e-05
A,61,4,fixed::minicheck_dbta,855,575.8853304975977,0.0,0.0,0.0,8.628773434926369e-05,3.854970839854918e-05
A,61,4,fixed::minicheck_ft5,855,563.112094294966,0.0,0.0,0.0,8.688773279083751e-05,4.279883360566452e-05
A,61,4,fixed::alignscore,855,735.6024101869426,0.0,0.0,0.0,8.74491303625424e-05,4.137543503913963e-05
A,61,4,fixed::lettuce_v2,855,90.48847172896743,0.0,0.0,0.0,8.001989257462018e-05,2.6555560333164114e-05
A,61,4,fixed::granite_guardian_3_1_2b,855,191.48782154467577,0.0,0.0,0.0,8.694268967302745e-05,4.139415680142174e-05
A,61,4,fixed::granite_guardian_3_2_3b_a800m,855,258.52359614279857,0.0,0.0,0.0,8.228304727841713e-05,3.660351313018834e-05
A,61,4,fixed::granite_guardian_3_2_8b_factuality,855,1045.660949002833,0.0,0.0,0.0,8.654971988272597e-05,3.070877905804337e-05
A,61,4,fixed::granite_guardian_4_1_3b_factuality_lora,855,467.5039076794358,0.0,0.0,0.0,8.331228466976804e-05,3.6829229504175005e-05
A,61,4,fixed::qwen30_fast,855,291.7711044247099,0.0,0.0,0.0,8.612046391316499e-05,3.2505268307282914e-05
A,61,4,fixed::qwen30_judge,855,682.7914344486562,0.0,0.0,0.0,8.028187810808246e-05,2.747251821017405e-05
A,61,5,OURS,844,70.85540957491094,22.89259115173189,0.43354192061415403,0.00016910189299808895,0.0001748459684271895,3.605687003737201e-05
A,61,5,OURS_legacy_hp,844,71.1816792786069,22.89259115173189,0.531890747629512,0.00017308175560501866,0.00017738507073527087,3.615285405641978e-05
A,61,5,fixed::factcc,844,34.60416466625153,0.0,0.0,0.0,8.210545748922427e-05,3.7156401717399744e-05
A,61,5,fixed::factkb,844,34.929843654983536,0.0,0.0,0.0,8.58400410131697e-05,3.213269781692051e-05
A,61,5,fixed::hhem,844,113.99748637418206,0.0,0.0,0.0,8.229502894412461e-05,3.4142172480469915e-05
A,61,5,fixed::wecheck,844,262.6390664865703,0.0,0.0,0.0,8.250237649452312e-05,3.6947864496206504e-05
A,61,5,fixed::factcg,844,290.631174126635,0.0,0.0,0.0,8.16504687558577e-05,3.8162328719969185e-05
A,61,5,fixed::minicheck_dbta,844,364.8802610516636,0.0,0.0,0.0,8.10059085675908e-05,3.8312796213094725e-05
A,61,5,fixed::minicheck_ft5,844,347.4810253352896,0.0,0.0,0.0,8.142300025158301e-05,3.981160899840507e-05
A,61,5,fixed::alignscore,844,561.7477057035254,0.0,0.0,0.0,8.220023459587158e-05,4.297749539925518e-05
A,61,5,fixed::lettuce_v2,844,55.14046038114477,0.0,0.0,0.0,8.089218293625632e-05,2.781162383277587e-05
A,61,5,fixed::granite_guardian_3_1_2b,844,161.17916547810418,0.0,0.0,0.0,8.464574946810037e-05,3.975355651194309e-05
A,61,5,fixed::granite_guardian_3_2_3b_a800m,844,229.2423362279409,0.0,0.0,0.0,8.584005825477543e-05,3.751776853170228e-05
A,61,5,fixed::granite_guardian_3_2_8b_factuality,844,968.8428753248118,0.0,0.0,0.0,8.98779561065614e-05,3.069312718886688e-05
A,61,5,fixed::granite_guardian_4_1_3b_factuality_lora,844,428.0965280424201,0.0,0.0,0.0,8.544194957868182e-05,3.6891001680539256e-05
A,61,5,fixed::qwen30_fast,844,251.53933575327073,0.0,0.0,0.0,8.026658851428232e-05,3.363032093143611e-05
A,61,5,fixed::qwen30_judge,844,617.2345325478556,0.0,0.0,0.0,8.218009640038967e-05,2.739335971959465e-05
A,61,6,OURS,828,65.22325316409874,35.99289803681214,0.45393295774862263,0.00017598309472050284,0.00017408816470620603,3.256038484244567e-05
A,61,6,OURS_legacy_hp,828,63.2447532364007,35.99289803681214,0.538805434751664,0.000584933564858736,0.0001854891333434335,8.856158524724668e-05
A,61,6,fixed::factcc,828,39.2278385300674,0.0,0.0,0.0,8.649275281606017e-05,3.0396138947763016e-05
A,61,6,fixed::factkb,828,39.49568319519794,0.0,0.0,0.0,8.591426146140205e-05,3.1652173099382485e-05
A,61,6,fixed::hhem,828,131.70390591533754,0.0,0.0,0.0,8.369082371830256e-05,3.46666691230907e-05
A,61,6,fixed::wecheck,828,312.300621088703,0.0,0.0,0.0,8.386593879479465e-05,4.02137607893938e-05
A,61,6,fixed::factcg,828,490.1907231193247,0.0,0.0,0.0,8.351811638623836e-05,3.775845901536697e-05
A,61,6,fixed::minicheck_dbta,828,417.42836713074826,0.0,0.0,0.0,8.355676332052239e-05,3.87065127775397e-05
A,61,6,fixed::minicheck_ft5,828,410.99812718030824,0.0,0.0,0.0,8.353744864076879e-05,3.73925170118826e-05
A,61,6,fixed::alignscore,828,645.0235071508869,0.0,0.0,0.0,8.618479000139027e-05,3.999999877861769e-05
A,61,6,fixed::lettuce_v2,828,66.8688974006367,0.0,0.0,0.0,8.224274998008845e-05,2.7169093572881055e-05
A,61,6,fixed::granite_guardian_3_1_2b,828,163.72752386790077,0.0,0.0,0.0,8.228020182954696e-05,4.139130598761969e-05
A,61,6,fixed::granite_guardian_3_2_3b_a800m,828,232.3366355996355,0.0,0.0,0.0,8.41751142690669e-05,4.0096624901716185e-05
A,61,6,fixed::granite_guardian_3_2_8b_factuality,828,975.1352464133038,0.0,0.0,0.0,8.477415053785783e-05,2.9777770424441657e-05
A,61,6,fixed::granite_guardian_4_1_3b_factuality_lora,828,432.30827696636743,0.0,0.0,0.0,8.32089409119661e-05,3.632850487208093e-05
A,61,6,fixed::qwen30_fast,828,254.50180693503395,0.0,0.0,0.0,8.467752441475933e-05,3.3333323528126314e-05
A,61,6,fixed::qwen30_judge,828,611.1214809494536,0.0,0.0,0.0,8.533453987236472e-05,2.7518111066262862e-05
A,61,7,OURS,813,86.9803981012682,30.986597175747992,0.4710640910167194,0.000179031980367146,0.00018147233476103965,3.4303822225878454e-05
A,61,7,OURS_legacy_hp,813,86.96384932530091,30.986597175747992,0.5164559225197813,0.00018251660024474613,0.00018277244904705151,3.554243542858815e-05
A,61,7,fixed::factcc,813,46.519899996663966,0.0,0.0,0.0,8.838376884324634e-05,3.6703563709989614e-05
A,61,7,fixed::factkb,813,47.63318358348175,0.0,0.0,0.0,9.259532221798014e-05,3.4361618208993334e-05
A,61,7,fixed::hhem,813,167.71768579847463,0.0,0.0,0.0,8.551168973187642e-05,3.2060285617779544e-05
A,61,7,fixed::wecheck,813,356.143356053669,0.0,0.0,0.0,8.621893429081672e-05,4.270602290279164e-05
A,61,7,fixed::factcg,813,493.35983157852235,0.0,0.0,0.0,8.259901560975874e-05,3.8159900771048454e-05
A,61,7,fixed::minicheck_dbta,813,516.2605671687834,0.0,0.0,0.0,8.533456088427505e-05,3.812054079369645e-05
A,61,7,fixed::minicheck_ft5,813,510.09874172344905,0.0,0.0,0.0,8.407380657561517e-05,4.154612965478595e-05
A,61,7,fixed::alignscore,813,693.5672234880725,0.0,0.0,0.0,8.452767239904162e-05,4.16629745534462e-05
A,61,7,fixed::lettuce_v2,813,84.86921126716702,0.0,0.0,0.0,8.33862151567988e-05,2.9541211269181885e-05
A,61,7,fixed::granite_guardian_3_1_2b,813,186.84255502507895,0.0,0.0,0.0,8.480319224050564e-05,3.851537560061225e-05
A,61,7,fixed::granite_guardian_3_2_3b_a800m,813,249.6358108230515,0.0,0.0,0.0,8.375890885776443e-05,3.562115538329216e-05
A,61,7,fixed::granite_guardian_3_2_8b_factuality,813,1044.5042193613385,0.0,0.0,0.0,8.59249605445551e-05,3.268881022201583e-05
A,61,7,fixed::granite_guardian_4_1_3b_factuality_lora,813,464.1373795987712,0.0,0.0,0.0,8.495941501555262e-05,3.5129146716874756e-05
A,61,7,fixed::qwen30_fast,813,286.66908265986285,0.0,0.0,0.0,8.425215255757759e-05,3.331856985964788e-05
A,61,7,fixed::qwen30_judge,813,659.8022797746787,0.0,0.0,0.0,8.529521880595777e-05,2.953997623578612e-05
A,61,8,OURS,811,87.38222066854912,30.68994199101349,0.47623187423188185,0.0005227768189088888,0.0001823341520732836,8.803081532777201e-05
A,61,8,OURS_legacy_hp,811,83.5448983931396,30.68994199101349,0.5622779469694207,0.00017933538094571757,0.0001817225589406586,3.569051893209779e-05
A,61,8,fixed::factcc,811,43.00807169239518,0.0,0.0,0.0,8.566339276891785e-05,3.632057559218271e-05
A,61,8,fixed::factkb,811,43.42893135825628,0.0,0.0,0.0,8.595929367401156e-05,3.717014905979395e-05
A,61,8,fixed::hhem,811,138.11418335948255,0.0,0.0,0.0,8.629470545127896e-05,3.3066580738096e-05
A,61,8,fixed::wecheck,811,320.19970425144504,0.0,0.0,0.0,8.436127447519732e-05,4.192354742083905e-05
A,61,8,fixed::factcg,811,362.687797671287,0.0,0.0,0.0,8.422318379751852e-05,4.147102053790513e-05
A,61,8,fixed::minicheck_dbta,811,453.08158886479674,0.0,0.0,0.0,8.349198145784999e-05,4.028607117937724e-05
A,61,8,fixed::minicheck_ft5,811,434.9770359139796,0.0,0.0,0.0,8.542663256985706e-05,3.8885319250625466e-05
A,61,8,fixed::alignscore,811,645.6953104368009,0.0,0.0,0.0,8.44796635463154e-05,3.955732705473496e-05
A,61,8,fixed::lettuce_v2,811,69.51401376426128,0.0,0.0,0.0,8.430209788281365e-05,2.852774686817397e-05
A,61,8,fixed::granite_guardian_3_1_2b,811,173.91464461199394,0.0,0.0,0.0,8.430209788281365e-05,4.7092473837196756e-05
A,61,8,fixed::granite_guardian_3_2_3b_a800m,811,239.55020826165944,0.0,0.0,0.0,8.670777529156532e-05,3.389395849776951e-05
A,61,8,fixed::granite_guardian_3_2_8b_factuality,811,1004.690416859075,0.0,0.0,0.0,8.587915945279099e-05,3.190136887247958e-05
A,61,8,fixed::granite_guardian_4_1_3b_factuality_lora,811,445.19364869118834,0.0,0.0,0.0,8.386807041369039e-05,3.677435849739282e-05
A,61,8,fixed::qwen30_fast,811,271.26902525268554,0.0,0.0,0.0,8.459801673108272e-05,3.369667328453167e-05
A,61,8,fixed::qwen30_judge,811,623.1399947886413,0.0,0.0,0.0,8.515043327132407e-05,2.831072416202465e-05
A,61,9,OURS,795,77.25417655947584,42.80010257275049,0.5102451421201826,0.00018447420835120124,0.00018604402137486814,3.304653918171454e-05
A,61,9,OURS_legacy_hp,795,88.17181986197976,42.80010257275049,0.5081637320621232,0.00018167672620254493,0.00018823773632376637,3.296603688841346e-05
A,61,9,fixed::factcc,795,45.55525315175735,0.0,0.0,0.0,8.575723699803623e-05,3.763522481276367e-05
A,61,9,fixed::factkb,795,45.68573087208565,0.0,0.0,0.0,8.760754505184086e-05,3.119496813149385e-05
A,61,9,fixed::hhem,795,132.74404032601765,0.0,0.0,0.0,8.710565956297723e-05,3.188050062096906e-05
A,61,9,fixed::wecheck,795,528.1720820394471,0.0,0.0,0.0,8.640001065232468e-05,4.4095597915210816e-05
A,61,9,fixed::factcg,795,457.7493373831403,0.0,0.0,0.0,9.010313444847018e-05,4.1459120353156664e-05
A,61,9,fixed::minicheck_dbta,795,481.5307843850694,0.0,0.0,0.0,8.628050190449323e-05,3.143773800781313e-05
A,61,9,fixed::minicheck_ft5,795,465.93116539780857,0.0,0.0,0.0,8.72867988750526e-05,4.1138374176368395e-05
A,61,9,fixed::alignscore,795,692.1167380359161,0.0,0.0,0.0,9.00842810237089e-05,4.139873448103291e-05
A,61,9,fixed::lettuce_v2,795,74.05082107270458,0.0,0.0,0.0,8.62402507578427e-05,2.7030173384543485e-05
A,61,9,fixed::granite_guardian_3_1_2b,795,187.20050615093044,0.0,0.0,0.0,8.577737172350944e-05,4.307044751989017e-05
A,61,9,fixed::granite_guardian_3_2_3b_a800m,795,250.63465800016985,0.0,0.0,0.0,8.374466136121337e-05,3.8340892027712095e-05
A,61,9,fixed::granite_guardian_3_2_8b_factuality,795,1043.840620806514,0.0,0.0,0.0,8.440879612879933e-05,3.12968498423883e-05
A,61,9,fixed::granite_guardian_4_1_3b_factuality_lora,795,459.76997946448324,0.0,0.0,0.0,8.466917473775973e-05,3.628680224782266e-05
A,61,9,fixed::qwen30_fast,795,284.55337551583494,0.0,0.0,0.0,8.726666414957938e-05,3.365032468576851e-05
A,61,9,fixed::qwen30_judge,795,658.1170688434534,0.0,0.0,0.0,8.56754717083191e-05,3.0269191758531445e-05
